angDist,_RAJ2000,_DEJ2000,KIC,G16,Teff,log(g),[Fe/H],Rad,Mass,rho,Dist,Av,Mod,Ref,H14,Simbad,_RA,_DE,_RAJ2000,_DEJ2000,KIC,numax,e_numax,dnu,e_dnu,Teff,e_Teff,logg,e_logg,M,e_M,Prot,e_Prot,Crowding,Tcrit,Vsini,e_Vsini,_RA,_DE
0,291.10892,36.81329,1161618, ,4764,2.452,0.07,16.506,2.817,8.82E-04,1157.679,0.531,DSEP,,1,Simbad,291.10892,36.81329,291.10892,36.81329,1161618,34.25,1.88,4.09,0.14,4855,161,2.45,0.03,1.29,0.16,158.34,7.9,0.99,7.26,0,0,291.10892,36.81329
0.003996,291.35999,36.81989,1162746, ,4992,2.346,-0.5,18.275,2.702,6.23E-04,2424.939,0.589,DSEP,,1,Simbad,291.35999,36.81989,291.35999,36.81988889,1162746,27.58,1.81,3.64,0.13,5141,308,2.37,0.04,1.17,0.18,46.74,4.72,1,8.16,0,0,291.35999,36.819889
0,286.03494,43.40271,7739152, ,5497,3.511,-0.5,3.438,1.398,0.0485,618.706,0.295,DSEP,,1,Simbad,286.03494,43.40271,286.03494,43.40271,7739152,162.82,24.85,12.07,0.27,5491,177,3.15,0.07,2.21,0.6,78.08,6.71,1,2.46,0,0,286.03494,43.40271
0.006984,300.09009,43.90444,8126282, ,5074,2.889,0.07,9.621,2.614,0.00414,909.611,0.541,DSEP,,1,Simbad,300.09009,43.90444,300.09009,43.90444194,8126282,95.47,5.79,7.62,0.15,4903,121,2.9,0.03,2.36,0.27,81.97,3.1,1,3.9,0,0,300.09009,43.904442
0.003996,296.85992,47.04518,10088999, ,4981,2.932,0.36,9.268,2.678,0.00474,3244.521,0.517,DSEP,,1,Simbad,296.85992,47.04518,296.85992,47.04518111,10088999,99.65,4.7,9.15,0.37,4981,227,2.92,0.03,1.32,0.17,17.72,0.99,0.99,3.25,0,0,296.85992,47.045181
0.003996,286.77161,39.26694,4141587, ,4673,2.412,0.21,16.823,2.666,7.89E-04,4101.256,0.4,DSEP,,1,Simbad,286.77161,39.26694,286.77161,39.26694111,4141587,32.5,1.8,3.9,0.13,4386,130,2.41,0.03,1.15,0.14,90.95,4.46,1,7.62,0,0,286.77161,39.266941
0.006984,286.20612,49.49008,11497421, ,4826,2.383,-0.38,14.902,1.957,8.33E-04,2838.459,0.3,DSEP,,1,Simbad,286.20612,49.49008,286.20612,49.49008194,11497421,26.92,1.71,3.81,0.14,5022,268,2.35,0.03,0.88,0.13,40.14,3.42,1,7.8,10.19,1.65,286.20612,49.490082
0.003996,286.24744,50.51858,12053188, ,4582,2.375,0.08,15.075,1.967,8.09E-04,1984.545,0.295,DSEP,,1,Simbad,286.24744,50.51858,286.24744,50.51858111,12053188,32.42,2.21,3.95,0.12,4801,176,2.42,0.03,1.24,0.17,121.69,6.09,1,7.52,0,0,286.24744,50.518581
0.006984,301.07248,45.15505,8915786, ,5015,2.928,-0.06,8.181,2.071,0.00533,1071.19,0.598,DSEP,,1,Simbad,301.07248,45.15505,301.07248,45.15504806,8915786,104.22,4.5,8.29,0.2,5065,152,2.94,0.02,2.3,0.22,151.87,4.28,1,3.58,0,0,301.07248,45.155048
0,289.09528,39.22908,4148276, ,5135,2.548,-0.5,13.744,2.431,0.00132,4529.565,0.456,DSEP,,1,Simbad,289.09528,39.22908,289.09528,39.22908,4148276,39.51,3.37,4.52,0.14,5135,270,2.53,0.04,1.45,0.25,98.41,4.98,0.99,6.57,0,0,289.09528,39.22908
0.003996,286.65952,48.59411,11020101, ,5016,2.96,0.21,8.67,2.499,0.0054,1107.385,0.31,DSEP,,1,Simbad,286.65952,48.59411,286.65952,48.59410889,11020101,105.09,5.63,8.63,0.19,5085,155,2.95,0.03,2.02,0.22,62.55,4.6,1,3.44,0,0,286.65952,48.594109
0.006984,284.11145,45.26029,8935612, ,4764,2.486,-0.08,13.608,2.067,0.00116,3079.829,0.305,DSEP,,1,Simbad,284.11145,45.26029,284.11145,45.26028806,8935612,29.42,1.91,3.9,0.14,5038,139,2.39,0.03,1.05,0.14,123.35,7.99,1,7.62,0,0,284.11145,45.260288
0.006984,289.68442,48.57485,11025518, ,5180,2.403,-0.5,17.458,2.81,7.44E-04,7921.953,0.349,DSEP,,1,Simbad,289.68442,48.57485,289.68442,48.57484806,11025518,30.02,1.93,4.16,0.16,5180,267,2.41,0.03,0.9,0.13,101.57,4.86,1,7.14,0,0,289.68442,48.574848
0,284.46292,45.27182,8936339, ,5031,2.551,0.07,15.657,3.177,0.00117,3022.99,0.309,DSEP,,1,Simbad,284.46292,45.27182,284.46292,45.27182,8936339,44,2.26,4.62,0.62,5038,232,2.57,0.03,1.78,0.51,103.18,4.97,1,6.43,0,0,284.46292,45.27182
0.003996,281.14133,47.13289,10118979, ,5006,2.38,0.07,20.198,3.564,6.09E-04,3229.887,0.265,DSEP,,1,Simbad,281.14133,47.13289,281.14133,47.13288889,10118979,30.3,1.68,3.8,0.55,5006,269,2.4,0.03,1.26,0.39,112.75,4.84,0.99,7.82,0,0,281.14133,47.132889
0.006984,288.23883,38.58098,3432732, ,5103,2.824,0.21,11.068,2.975,0.00309,1143.954,0.43,DSEP,,1,Simbad,288.23883,38.58098,288.23883,38.58097806,3432732,80.48,3.81,6.45,0.13,5015,150,2.83,0.02,2.85,0.28,121.75,5.62,1,4.6,0,0,288.23883,38.580978
0.006984,284.43192,44.09207,8149014, ,5046,3.177,-0.52,4.079,0.911,0.0189,3013.922,0.316,DSEP,,1,Simbad,284.43192,44.09207,284.43192,44.09207194,8149014,178.2,11.3,14.73,0.45,5043,153,3.18,0.03,1.15,0.15,3.25,0.17,0.99,2.02,0,0,284.43192,44.092072
0.006984,289.58142,38.50387,3437031, ,4860,2.715,0.21,11.841,2.654,0.00225,1920.195,0.482,DSEP,,1,Simbad,289.58142,38.50387,289.58142,38.50386806,3437031,63.45,2.74,5.6,0.18,5059,214,2.73,0.02,2.49,0.28,138.77,7.22,0.99,5.3,0,0,289.58142,38.503868
0.003996,290.2486,38.57109,3439466, ,4889,2.382,-0.5,15.188,2.028,8.15E-04,3503.365,0.502,DSEP,,1,Simbad,290.2486,38.57109,290.2486,38.57109111,3439466,29.33,1.65,3.91,0.11,4991,235,2.39,0.03,1.01,0.13,46.75,4.41,0.99,7.6,0,0,290.2486,38.571091
0,291.54425,39.27449,4157276, ,4889,2.531,-0.32,12.63,1.978,0.00138,2878.974,0.531,DSEP,,1,Simbad,291.54425,39.27449,291.54425,39.27449,4157276,39.56,2.04,4.36,0.13,4994,171,2.52,0.03,1.61,0.19,49.76,4.6,0.99,6.81,0,0,291.54425,39.27449
0.003996,292.62207,48.53671,11031234, ,5328,2.358,-0.5,18.832,2.947,6.21E-04,5409.19,0.395,DSEP,,1,Simbad,292.62207,48.53671,292.62207,48.53670889,11031234,29.02,1.85,4.06,1.73,5328,338,2.4,0.04,0.93,0.8,65.66,4.95,1,7.32,0,0,292.62207,48.536709
0,286.40744,47.14254,10128629, ,5018,2.483,0.07,17.342,3.335,9.01E-04,3304.749,0.319,DSEP,,1,Simbad,286.40744,47.14254,286.40744,47.14254,10128629,37.99,1.93,4.23,0.13,5016,231,2.5,0.03,1.62,0.2,77.01,8.33,1,7.02,7.85,1.3,286.40744,47.14254
0.003996,292.16776,37.39372,1871631, ,4777,2.343,-0.32,15.697,1.98,7.21E-04,5049.54,0.609,DSEP,,1,Simbad,292.16776,37.39372,292.16776,37.39371889,1871631,29.29,2.15,3.71,0.11,4823,108,2.38,0.03,1.18,0.17,44.54,3.08,0.99,8.01,0,0,292.16776,37.393719
0,296.85648,49.45649,11518639, ,5254,2.626,0.07,15.025,3.481,0.00145,6445.825,0.464,DSEP,,1,Simbad,296.85648,49.45649,296.85648,49.45649,11518639,46.91,4.61,4.68,0.09,5254,419,2.6,0.05,2.18,0.44,123.34,6,0.99,6.35,0,0,296.85648,49.45649
0.003996,286.81909,45.27443,8941031, ,4661,2.317,-0.22,14.856,1.671,7.18E-04,2398.52,0.339,DSEP,,1,Simbad,286.81909,45.27443,286.81909,45.27442889,8941031,26.35,2.13,3.62,0.12,4935,217,2.34,0.04,0.98,0.16,53.33,3.94,1,8.2,8.73,1.48,286.81909,45.274429
0.003996,295.23758,48.5034,11037219, ,5078,2.951,0.21,9.021,2.653,0.00509,754.319,0.375,DSEP,,1,Simbad,295.23758,48.5034,295.23758,48.50339889,11037219,100.21,13.8,8.52,0.25,4995,127,2.92,0.06,1.8,0.45,133.16,4.81,1,3.49,0,0,295.23758,48.503399
0.003996,292.79092,45.95754,9406426, ,4698,2.376,-0.08,15.446,2.068,7.91E-04,2767.122,0.435,DSEP,,1,Simbad,292.79092,45.95754,292.79092,45.95753889,9406426,28.48,1.75,3.86,0.8,5014,248,2.38,0.03,0.98,0.43,106.66,9,1,7.69,0,0,292.79092,45.957539
0.006984,293.41208,39.2157,4165204, ,4960,2.326,-0.5,18.296,2.584,5.94E-04,5934.118,0.609,DSEP,,1,Simbad,293.41208,39.2157,293.41208,39.21569806,4165204,29.29,1.66,3.68,0.13,4960,179,2.39,0.03,1.28,0.16,50.11,4.34,0.99,8.07,0,0,293.41208,39.215698
0.006984,293.30798,45.92819,9407690, ,5143,2.377,-0.5,18.018,2.818,6.79E-04,7212.588,0.447,DSEP,,1,Simbad,293.30798,45.92819,293.30798,45.92818806,9407690,29.87,1.92,4.15,0.18,5143,296,2.4,0.03,0.88,0.14,105.19,5.19,1,7.16,0,0,293.30798,45.928188
0.003996,288.67419,50.60164,12106089, ,5185,2.356,-0.5,19.309,3.084,6.03E-04,6783.233,0.319,DSEP,,1,Simbad,288.67419,50.60164,288.67419,50.60163889,12106089,29.71,1.83,4.13,2.06,5185,277,2.4,0.03,0.9,0.9,62.55,5.89,1,7.19,0,0,288.67419,50.601639
0.003996,292.62946,38.57492,3448282, ,4891,2.389,0.21,20.061,3.592,6.27E-04,3884.655,0.594,DSEP,,1,Simbad,292.62946,38.57492,292.62946,38.57492111,3448282,30.45,1.54,3.59,0.09,4891,241,2.4,0.03,1.55,0.18,55.98,4.69,0.99,8.27,0,0,292.62946,38.574921
0,295.17755,46.40012,9718692, ,4857,2.409,0.07,18.548,3.215,7.10E-04,6568.431,0.484,DSEP,,1,Simbad,295.17755,46.40012,295.17755,46.40012,9718692,30.88,1.89,3.84,0.52,4857,187,2.41,0.03,1.22,0.36,17.96,1.36,0.99,7.73,0,0,295.17755,46.40012
0,287.08536,43.4268,7741179, ,4999,2.364,-0.82,14.761,1.838,8.05E-04,2114.172,0.36,DSEP,,1,Simbad,287.08536,43.4268,287.08536,43.4268,7741179,29.5,1.91,3.86,0.17,5250,330,2.4,0.04,1.17,0.19,66.57,7.52,1,7.69,0,0,287.08536,43.4268
0,291.19052,45.21769,8951178, ,5033,2.945,-0.08,8.012,2.064,0.00565,1196.602,0.405,DSEP,,1,Simbad,291.19052,45.21769,291.19052,45.21769,8951178,107.74,4.53,8.41,0.18,5299,301,2.97,0.03,2.57,0.28,141.73,6.33,1,3.53,0,0,291.19052,45.21769
0,294.46292,47.15686,10148118, ,4915,2.704,0.07,11.903,2.615,0.00218,1207.503,0.439,DSEP,,1,Simbad,294.46292,47.15686,294.46292,47.15686,10148118,61.99,2.67,5.46,0.19,5172,281,2.72,0.03,2.66,0.32,89.69,9.09,1,5.44,0,0,294.46292,47.15686
0,292.37643,37.48666,2018667, ,4773,2.389,-0.24,14.992,2.009,8.40E-04,2213.722,0.615,DSEP,,1,Simbad,292.37643,37.48666,292.37643,37.48666,2018667,30.73,1.8,3.83,0.14,4773,123,2.4,0.03,1.19,0.15,65.67,3.52,0.99,7.75,0,0,292.37643,37.48666
0.003996,291.35001,45.28279,8951614, ,4800,2.342,-0.38,15.635,1.958,7.21E-04,5278.061,0.415,DSEP,,1,Simbad,291.35001,45.28279,291.35001,45.28279111,8951614,28.56,1.71,3.82,0.11,4800,116,2.37,0.03,0.97,0.12,105.68,4.6,0.99,7.78,0,0,291.35001,45.282791
0.006984,292.5347,37.43347,2019396, ,4790,2.482,-0.5,9.613,1.022,0.00162,1787.34,0.617,DSEP,,1,Simbad,292.5347,37.43347,292.5347,37.43347194,2019396,37.98,1.89,4.16,0.13,4790,100,2.49,0.02,1.62,0.18,63.86,8.7,0.99,7.14,0,0,292.5347,37.433472
0.003996,289.86008,44.00281,8160074, ,5004,2.968,0.02,7.867,2.096,0.00606,884.196,0.374,DSEP,,1,Simbad,289.86008,44.00281,289.86008,44.00281111,8160074,113.18,5.06,8.9,0.2,5232,172,2.99,0.02,2.33,0.23,141.82,7.85,0.99,3.34,0,0,289.86008,44.002811
0.003996,294.875,50.65344,12117099, ,4981,2.376,-0.76,14.607,1.85,8.36E-04,1119.298,0.394,DSEP,,1,Simbad,294.875,50.65344,294.875,50.65343889,12117099,29.82,1.88,3.97,0.13,5158,229,2.4,0.03,1.05,0.15,40.14,3.06,1,7.48,6.65,1.39,294.875,50.653439
0.003996,281.92462,44.59579,8475164, ,4774,2.412,-0.28,13.985,1.845,9.50E-04,3839.756,0.285,DSEP,,1,Simbad,281.92462,44.59579,281.92462,44.59579111,8475164,32.42,1.85,4.04,0.58,4993,256,2.43,0.03,1.2,0.37,125.19,6.07,0.99,7.35,0,0,281.92462,44.595791
0.003996,295.28769,49.59884,11566213, ,5006,2.38,0.07,20.198,3.564,6.09E-04,7983.223,0.429,DSEP,,1,Simbad,295.28769,49.59884,295.28769,49.59883889,11566213,28.42,1.59,3.71,0.12,5006,252,2.38,0.03,1.14,0.15,48.07,4.26,1,8.01,0,0,295.28769,49.598839
0.003996,289.71359,43.47498,7747060, ,4927,2.61,0.07,13.577,2.738,0.00154,2798.838,0.406,DSEP,,1,Simbad,289.71359,43.47498,289.71359,43.47497889,7747060,48.66,2.28,4.76,0.15,5155,323,2.62,0.03,2.21,0.28,73.87,7.79,0.99,6.24,0,0,289.71359,43.474979
0.003996,286.13934,41.05074,5774861, ,4694,2.358,-0.18,15.045,1.881,7.78E-04,3546.335,0.368,DSEP,,1,Simbad,286.13934,41.05074,286.13934,41.05073889,5774861,29.59,1.58,3.63,0.12,4787,144,2.38,0.03,1.32,0.16,55.21,5.03,0.99,8.18,8.81,2.14,286.13934,41.050739
0.006984,290.51929,37.52545,2156178, ,4856,2.39,-0.56,13.233,1.569,9.54E-04,762.091,0.419,DSEP,,1,Simbad,290.51929,37.52545,290.51929,37.52545194,2156178,29.08,1.87,3.93,1.91,5099,225,2.39,0.03,1,0.98,40.98,3.18,1,7.56,0,0,290.51929,37.525452
0,285.43188,38.66748,3526625, ,4843,2.443,0.07,17.434,3.076,8.18E-04,2183.565,0.38,DSEP,,1,Simbad,285.43188,38.66748,285.43188,38.66748,3526625,34.35,2.51,4.18,0.15,4883,184,2.45,0.04,1.21,0.18,125.11,5.95,1,7.11,0,0,285.43188,38.66748
0,293.1796,45.22945,8956534, ,5269,2.917,-0.5,8.385,2.118,0.00506,3671.339,0.456,DSEP,,1,Simbad,293.1796,45.22945,293.1796,45.22945,8956534,97.7,6.28,7.88,0.16,5269,220,2.92,0.03,2.47,0.32,87.27,4.06,0.99,3.77,0,0,293.1796,45.22945
0.006984,288.30463,41.04772,5780142, ,4675,2.408,-0.16,13.184,1.622,9.97E-04,2213.74,0.409,DSEP,,1,Simbad,288.30463,41.04772,288.30463,41.04772194,5780142,29.62,3,3.75,0.1,4854,162,2.39,0.05,1.18,0.22,93.5,7.75,0.99,7.92,0,0,288.30463,41.047722
0.003996,298.81076,47.14247,10162765, ,4949,2.833,0.21,10.22,2.594,0.00342,1161.304,0.525,DSEP,,1,Simbad,298.81076,47.14247,298.81076,47.14247111,10162765,90.61,3.67,6.82,0.18,5011,182,2.88,0.02,3.25,0.32,128.62,7.33,1,4.36,0,0,298.81076,47.142471
0.003996,283.939,49.64239,11597759, ,4812,2.361,-0.38,15.286,1.958,7.72E-04,2542.479,0.278,DSEP,,1,Simbad,283.939,49.64239,283.939,49.64239111,11597759,29.43,1.71,3.78,0.11,4999,275,2.39,0.03,1.18,0.16,46.11,2.52,0.99,7.86,11.24,1.07,283.939,49.642391
0.006984,286.31516,42.21842,6761672, ,5013,2.394,0.07,19.813,3.549,6.43E-04,6233.913,0.359,DSEP,,1,Simbad,286.31516,42.21842,286.31516,42.21841806,6761672,31.3,1.77,3.9,1.78,5013,264,2.42,0.03,1.25,1.15,47.73,4.83,0.99,7.62,0,0,286.31516,42.218418
0.003996,287.91516,38.64078,3532985, ,4918,2.889,0.21,9.169,2.376,0.00434,1071.047,0.417,DSEP,,1,Simbad,287.91516,38.64078,287.91516,38.64078111,3532985,94.84,10.8,7.92,0.27,4752,122,2.89,0.05,1.89,0.4,6.03,0.29,0.99,3.75,0,0,287.91516,38.640781
0.003996,290.07764,50.70902,12157006, ,4807,2.503,-0.16,13.247,2.038,0.00123,716.255,0.306,DSEP,,1,Simbad,290.07764,50.70902,290.07764,50.70901889,12157006,38.58,2.57,4.22,0.12,5021,239,2.51,0.03,1.72,0.24,116.8,3.34,1,7.04,0,0,290.07764,50.709019
0.003996,286.61545,42.24956,6762328, ,5000,2.369,0.07,20.453,3.572,5.88E-04,6700.877,0.363,DSEP,,1,Simbad,286.61545,42.24956,286.61545,42.24956111,6762328,29.37,1.54,3.59,0.11,5000,295,2.39,0.03,1.44,0.19,57.56,5.21,1,8.27,0,0,286.61545,42.249561
0.003996,290.28189,50.76344,12157360, ,5039,2.567,0.07,15.332,3.165,0.00124,4326.971,0.337,DSEP,,1,Simbad,290.28189,50.76344,290.28189,50.76343889,12157360,42.29,2.41,4.74,0.61,5039,215,2.55,0.03,1.43,0.4,76.47,6.61,1,6.27,0,0,290.28189,50.763439
0.003996,284.70514,39.37004,4241405, ,4802,2.385,-0.32,14.954,1.98,8.34E-04,4076.304,0.359,DSEP,,1,Simbad,284.70514,39.37004,284.70514,39.37004111,4241405,30.29,1.78,3.8,0.12,4802,119,2.4,0.03,1.18,0.15,57.96,4.54,0.99,7.82,0,0,284.70514,39.370041
0.003996,299.86182,45.91826,9427961, ,5033,2.945,-0.08,8.012,2.064,0.00565,1101.133,0.563,DSEP,,1,Simbad,299.86182,45.91826,299.86182,45.91825889,9427961,106.85,4.87,8.45,0.22,4911,108,2.95,0.02,2.2,0.22,87.84,10.02,1,3.51,0,0,299.86182,45.918259
0.003996,294.18182,40.56743,5370814, ,5067,3.125,0.36,7.032,2.403,0.00973,2384.653,0.6,DSEP,,1,Simbad,294.18182,40.56743,294.18182,40.56742889,5370814,160.71,13.88,12.76,0.46,5013,116,3.13,0.04,1.48,0.25,61.69,3.32,0.98,2.33,0,0,294.18182,40.567429
0.006984,284.76434,44.55871,8480233, ,4799,2.358,-0.72,10.128,0.851,0.00115,2647.547,0.317,DSEP,,1,Simbad,284.76434,44.55871,284.76434,44.55870806,8480233,28.6,2.17,3.96,0.53,5026,138,2.38,0.04,0.9,0.27,94.15,7.1,1,7.5,0,0,284.76434,44.558708
0.003996,290.18146,41.06339,5785879, ,4700,2.433,0,14.565,2.095,9.55E-04,1575.02,0.451,DSEP,,1,Simbad,290.18146,41.06339,290.18146,41.06338889,5785879,32.6,1.88,3.97,0.57,4809,164,2.43,0.03,1.24,0.38,124.3,5.11,0.99,7.48,0,0,290.18146,41.063389
0.003996,293.33469,43.43345,7757382, ,4985,2.657,-0.38,10.872,1.955,0.00214,2848.89,0.495,DSEP,,1,Simbad,293.33469,43.43345,293.33469,43.43344889,7757382,49.5,4.12,5.03,0.19,5244,275,2.63,0.04,1.92,0.34,72.38,3.2,1,5.9,0,0,293.33469,43.433449
0.006984,284.802,44.52899,8480313, ,4714,2.352,-0.42,11.769,1.135,9.81E-04,3237.608,0.318,DSEP,,1,Simbad,284.802,44.52899,284.802,44.52899194,8480313,29.43,1.85,3.6,0.1,4960,213,2.39,0.03,1.41,0.19,60,5.16,1,8.25,0,0,284.802,44.528992
0.006984,293.88766,49.66633,11614637, ,5044,2.35,-0.5,19.937,3.241,5.76E-04,7089.387,0.402,DSEP,,1,Simbad,293.88766,49.66633,293.88766,49.66632806,11614637,28.1,1.79,3.94,0.11,5044,254,2.37,0.03,0.88,0.12,89.69,7.25,1,7.54,0,0,293.88766,49.666328
0,292.38403,44.01857,8167286, ,4959,3.157,0.12,5.8,1.762,0.0127,745.059,0.38,DSEP,,1,Simbad,292.38403,44.01857,292.38403,44.01857,8167286,141,28.66,12.83,0.49,5155,158,3.08,0.1,1.02,0.37,75.42,10.43,1,2.31,0,0,292.38403,44.01857
0,292.10681,37.6898,2305930, ,4888,2.37,-0.7,12.706,1.378,9.46E-04,1197.226,0.548,DSEP,,1,Simbad,292.10681,37.6898,292.10681,37.6898,2305930,28.27,1.78,3.97,0.14,4924,173,2.37,0.03,0.84,0.11,33.75,2.52,0.99,7.48,13.09,0.88,292.10681,37.6898
0.003996,294.48145,49.67166,11615984, ,5273,2.499,-0.5,15.274,2.686,0.00106,4608.744,0.412,DSEP,,1,Simbad,294.48145,49.67166,294.48145,49.67166111,11615984,36.61,2.23,4.22,0.14,5273,266,2.5,0.03,1.58,0.22,64.3,2.5,1,7.04,0,0,294.48145,49.671661
0.003996,287.47342,48.77571,11129153, ,4808,2.341,-0.4,15.61,1.95,7.22E-04,2106.122,0.319,DSEP,,1,Simbad,287.47342,48.77571,287.47342,48.77571111,11129153,27.12,2.72,3.65,0.12,5000,281,2.36,0.05,1.06,0.21,49.09,2.08,1,8.14,9.31,1.46,287.47342,48.775711
0.006984,294.65924,49.64274,11616373, ,4961,2.426,0.07,18.621,3.374,7.36E-04,5793.611,0.416,DSEP,,1,Simbad,294.65924,49.64274,294.65924,49.64273806,11616373,31.99,1.78,3.93,0.11,4961,220,2.43,0.03,1.28,0.16,69.4,6.83,0.99,7.56,0,0,294.65924,49.642738
0.006984,285.06436,46.07638,9451503, ,5113,2.358,-0.5,18.404,2.815,6.36E-04,14687.991,0.31,DSEP,,1,Simbad,285.06436,46.07638,285.06436,46.07638194,9451503,27.3,1.6,4.01,0.31,5127,153,2.36,0.03,0.77,0.15,42.13,3.02,0.99,7.41,0,0,285.06436,46.076382
0.003996,291.78308,47.24318,10207623, ,4810,2.562,0.36,15.269,3.098,0.00123,2224.559,0.397,DSEP,,1,Simbad,291.78308,47.24318,291.78308,47.24317889,10207623,47.87,2.42,4.5,0.14,4810,249,2.59,0.03,2.38,0.3,78.62,7.54,1,6.6,0,0,291.78308,47.243179
0.006984,290.51279,50.87491,12207049, ,5088,3.264,-0.38,4.113,1.133,0.0229,640.511,0.295,DSEP,,1,Simbad,290.51279,50.87491,290.51279,50.87490806,12207049,145.39,6.38,10.95,0.23,5087,120,3.09,0.02,2.07,0.19,142.74,4.04,1,2.71,0,0,290.51279,50.874908
0.003996,285.44382,46.04885,9452147, ,5213,2.381,-1,16.815,2.477,7.34E-04,15999.006,0.315,DSEP,,1,Simbad,285.44382,46.04885,285.44382,46.04885111,9452147,28.1,1.8,4.16,0.18,5211,162,2.38,0.03,0.74,0.11,26.48,2.1,0.99,7.14,0,0,285.44382,46.048851
0.006984,289.96619,48.75606,11133969, ,4795,2.386,-0.3,14.968,1.987,8.35E-04,806.64,0.328,DSEP,,1,Simbad,289.96619,48.75606,289.96619,48.75606194,11133969,30.67,1.66,3.72,0.12,4897,193,2.4,0.03,1.38,0.17,71.86,3.06,1,7.98,5.54,1.48,289.96619,48.756062
0.003996,294.68094,38.68105,3557606, ,5014,3.044,0.21,7.508,2.275,0.00757,1057.198,0.572,DSEP,,1,Simbad,294.68094,38.68105,294.68094,38.68104889,3557606,100.96,6.24,8.09,0.24,5044,118,2.93,0.03,2.29,0.29,26.34,2.99,0.99,3.67,0,0,294.68094,38.681049
0,295.51102,40.59042,5376097, ,4762,2.36,-0.32,14.798,1.831,7.96E-04,4852.021,0.665,DSEP,,1,Simbad,295.51102,40.59042,295.51102,40.59042,5376097,30.11,2,3.66,0.51,4762,113,2.39,0.03,1.33,0.4,55.98,4.81,0.99,8.12,0,0,295.51102,40.59042
0,291.65219,50.85125,12208809, ,4975,2.55,-0.5,12.394,1.985,0.00147,886.043,0.337,DSEP,,1,Simbad,291.65219,50.85125,291.65219,50.85125,12208809,45.13,2.09,4.39,0.13,4975,172,2.58,0.02,2.32,0.25,151.89,8.11,1,6.77,0,0,291.65219,50.85125
0.003996,292.50443,41.04316,5793098, ,4580,2.396,0.07,13.927,1.761,9.19E-04,2848.321,0.522,DSEP,,1,Simbad,292.50443,41.04316,292.50443,41.04315889,5793098,32.89,1.7,3.74,0.13,4742,162,2.43,0.03,1.58,0.19,78.08,6.16,1,7.94,0,0,292.50443,41.043159
0.006984,292.83316,41.08568,5794100, ,4745,2.441,-0.56,9.096,0.833,0.00156,1383.609,0.517,DSEP,,1,Simbad,292.83316,41.08568,292.83316,41.08567806,5794100,35.01,2.49,4.21,0.14,4731,109,2.45,0.03,1.19,0.17,149.83,6.52,1,7.05,0,0,292.83316,41.085678
0.003996,294.27658,41.73899,6371980, ,4923,2.678,0.07,12.357,2.652,0.00198,653.427,0.385,DSEP,,1,Simbad,294.27658,41.73899,294.27658,41.73899111,6371980,60.35,2.97,4.94,0.17,5022,130,2.7,0.02,3.5,0.4,86.64,4.79,1,6.01,0,0,294.27658,41.738991
0,293.79099,42.87085,7288529, ,4909,2.381,-0.5,15.382,2.072,8.02E-04,2471.136,0.522,DSEP,,1,Simbad,293.79099,42.87085,293.79099,42.87085,7288529,28.82,2.13,3.86,1.76,4909,163,2.38,0.04,0.99,0.91,104.46,5.34,1,7.69,0,0,293.79099,42.87085
0.006984,296.2533,50.85771,12217863, ,5048,2.586,-0.5,12.822,2.308,0.00154,5704.942,0.427,DSEP,,1,Simbad,296.2533,50.85771,296.2533,50.85771194,12217863,41.63,4.66,4.77,0.63,5048,210,2.54,0.05,1.33,0.44,65.2,7.2,0.99,6.23,0,0,296.2533,50.857712
0.006984,296.97876,40.53359,5382824, ,5008,2.932,-0.04,8.162,2.078,0.00538,739.249,0.46,DSEP,,1,Simbad,296.97876,40.53359,296.97876,40.53358806,5382824,100.2,4.46,8,0.23,5120,155,2.93,0.02,2.4,0.25,92.21,7.9,1,3.71,0,0,296.97876,40.533588
0.006984,292.01642,46.50363,9771031, ,4860,2.67,0.36,13.574,3.14,0.00177,2524.993,0.411,DSEP,,1,Simbad,292.01642,46.50363,292.01642,46.50363194,9771031,57.67,2.7,5.57,0.15,4860,185,2.68,0.02,1.8,0.19,16.44,1.18,0.99,5.33,0,0,292.01642,46.503632
0.003996,291.2157,39.32105,4260882, ,4946,2.338,-0.5,17.38,2.401,6.44E-04,3882.263,0.518,DSEP,,1,Simbad,291.2157,39.32105,291.2157,39.32104889,4260882,27.69,1.8,3.64,0.13,4946,173,2.36,0.03,1.12,0.16,85.44,6.72,1,8.16,0,0,291.2157,39.321049
0,284.62283,49.76141,11650041, ,4464,1.809,-0.62,18.972,0.845,1.74E-04,2877.383,0.284,DSEP,,1,Simbad,284.62283,49.76141,284.62283,49.76141,11650041,8.33,0.48,1.41,3.07,4683,193,1.83,0.03,1.25,5.44,52.96,7.87,0.99,21.06,0,0,284.62283,49.76141
0,290.1749,37.79837,2436732, ,4719,2.385,0.07,17.479,2.705,7.14E-04,6690.545,0.517,DSEP,,1,Simbad,290.1749,37.79837,290.1749,37.79837,2436732,30.34,1.76,3.7,0.11,4719,147,2.39,0.03,1.29,0.16,109.63,5.17,0.98,8.03,0,0,290.1749,37.79837
0.003996,291.54144,42.25068,6776494, ,5047,3.286,-0.16,4.484,1.417,0.0221,1720.137,0.467,DSEP,,1,Simbad,291.54144,42.25068,291.54144,42.25067889,6776494,235.15,13.87,17.71,0.04,5047,122,3.3,0.03,1.26,0.13,7.01,0.44,0.99,1.68,0,0,291.54144,42.250679
0.006984,295.2439,48.75548,11144816, ,5106,2.388,-0.5,17.456,2.712,7.18E-04,6427.261,0.442,DSEP,,1,Simbad,295.2439,48.75548,295.2439,48.75548194,11144816,28.95,2.1,3.9,1.58,5106,285,2.39,0.04,1.02,0.84,96.8,6.57,0.99,7.62,0,0,295.2439,48.755482
0.003996,295.27219,48.78684,11144902, ,5006,2.38,0.07,20.198,3.564,6.09E-04,5397.868,0.442,DSEP,,1,Simbad,295.27219,48.78684,295.27219,48.78683889,11144902,29.9,1.7,3.93,0.78,5006,295,2.4,0.03,1.06,0.44,98.19,4.37,0.98,7.56,0,0,295.27219,48.786839
0.003996,281.72079,41.8723,6418912, ,4614,2.379,0.56,19.586,3.349,6.28E-04,2382.439,0.298,DSEP,,1,Simbad,281.72079,41.8723,281.72079,41.87229889,6418912,31.05,2.44,3.68,0.47,4614,138,2.4,0.04,1.36,0.4,82.54,3.79,1,8.07,0,0,281.72079,41.872299
0.006984,292.51312,46.06473,9466520, ,4661,2.63,0.07,10.031,1.567,0.00219,2236.3,0.427,DSEP,,1,Simbad,292.51312,46.06473,292.51312,46.06473194,9466520,52.69,2.73,5.47,0.18,4885,170,2.64,0.03,1.49,0.18,123.37,6.05,0.98,5.43,0,0,292.51312,46.064732
0.003996,282.87604,48.87556,11175907, ,5028,2.511,0.07,16.74,3.312,9.94E-04,2574.069,0.272,DSEP,,1,Simbad,282.87604,48.87556,282.87604,48.87556111,11175907,39.31,2,4.33,0.12,5028,214,2.52,0.03,1.64,0.19,127.84,6,1,6.86,0,0,282.87604,48.875561
0.003996,282.96014,48.82788,11176016, ,4795,2.386,-0.3,14.968,1.987,8.35E-04,489.939,0.23,DSEP,,1,Simbad,282.96014,48.82788,282.96014,48.82788111,11176016,31.89,1.87,3.99,0.55,4795,112,2.42,0.03,1.13,0.33,127.06,5.54,1,7.44,0,0,282.96014,48.827881
0,290.45203,38.71579,3642135, ,4919,2.598,-0.3,11.715,1.985,0.00174,2207.725,0.506,DSEP,,1,Simbad,290.45203,38.71579,290.45203,38.71579,3642135,51.25,2.53,4.96,0.15,5060,175,2.64,0.02,2.13,0.24,144.72,7.1,1,5.99,0,0,290.45203,38.71579
0,285.12524,41.86755,6425652, ,4792,2.342,-0.36,15.657,1.965,7.21E-04,3300.923,0.343,DSEP,,1,Simbad,285.12524,41.86755,285.12524,41.86755,6425652,28.7,1.71,3.9,1.85,4939,199,2.38,0.03,0.95,0.9,53.32,2.65,1,7.62,6.48,1.54,285.12524,41.86755
0.003996,292.3429,37.7814,2447529, ,4945,2.949,0.14,8.118,2.137,0.00563,1200.511,0.554,DSEP,,1,Simbad,292.3429,37.7814,292.3429,37.78139889,2447529,106.95,4.87,8.38,0.18,5186,247,2.96,0.03,2.47,0.26,98.83,5.49,0.99,3.54,0,0,292.3429,37.781399
0.003996,290.28729,44.57092,8491073, ,4889,2.377,0.21,20.375,3.603,6.00E-04,4680.315,0.403,DSEP,,1,Simbad,290.28729,44.57092,290.28729,44.57091889,8491073,30.39,1.78,3.79,0.11,4889,226,2.4,0.03,1.24,0.16,57.56,9.25,0.99,7.84,0,0,290.28729,44.570919
0.006984,287.39771,41.89493,6430534, ,4794,2.343,0.07,19.994,3.212,5.66E-04,2268.412,0.381,DSEP,,1,Simbad,287.39771,41.89493,287.39771,41.89493194,6430534,27.53,1.82,3.62,0.09,4788,176,2.35,0.03,1.07,0.14,54.83,4.85,0.98,8.2,0,0,287.39771,41.894932
0.003996,293.58093,46.08322,9469212, ,4741,2.559,0.36,14.553,2.798,0.00128,2433.778,0.451,DSEP,,1,Simbad,293.58093,46.08322,293.58093,46.08322111,9469212,44.89,2.06,4.31,0.12,4931,282,2.57,0.03,2.42,0.29,68.44,6.69,0.99,6.89,0,0,293.58093,46.083221
0,289.68591,51.03286,12304485, ,4794,2.369,-0.38,14.563,1.81,8.25E-04,1246.238,0.327,DSEP,,1,Simbad,289.68591,51.03286,289.68591,51.03286,12304485,28.89,1.67,3.77,0.11,5000,236,2.38,0.03,1.13,0.15,53.33,3.8,1,7.88,0,0,289.68591,51.03286
0.003996,287.4024,47.3404,10264167, ,5216,3.402,-0.08,4.303,1.703,0.0301,579.92,0.278,DSEP,,1,Simbad,287.4024,47.3404,287.4024,47.34040111,10264167,176.24,35.82,14.6,0.3,5236,185,3.18,0.1,1.22,0.43,73.36,7.99,1,2.03,0,0,287.4024,47.340401
0.003996,289.63492,41.85147,6436304, ,4909,2.381,-0.5,15.382,2.072,8.02E-04,6041.454,0.428,DSEP,,1,Simbad,289.63492,41.85147,289.63492,41.85147111,6436304,29.27,1.77,3.94,0.13,5158,320,2.4,0.03,1.03,0.15,35.7,1.83,0.99,7.54,0,0,289.63492,41.851471
0.003996,294.92487,49.79761,11667928, ,4983,2.381,-0.5,16.804,2.478,7.36E-04,1705.094,0.418,DSEP,,1,Simbad,294.92487,49.79761,294.92487,49.79761111,11667928,31.86,1.71,3.88,0.15,4993,232,2.43,0.03,1.34,0.18,109.79,5.37,0.99,7.65,0,0,294.92487,49.797611
0.003996,295.45331,51.03571,12314910, ,4525,2.293,-0.22,11.156,0.892,9.05E-04,1169.942,0.4,DSEP,,1,Simbad,295.45331,51.03571,295.45331,51.03570889,12314910,24.13,1.19,2.91,0.08,4716,106,2.29,0.02,1.69,0.18,104.47,3.7,0.99,10.21,0,0,295.45331,51.035709
0.003996,290.26318,41.82256,6438228, ,5055,2.358,-0.5,19.029,3.014,6.16E-04,5848.697,0.443,DSEP,,1,Simbad,290.26318,41.82256,290.26318,41.82255889,6438228,28.15,1.84,3.84,0.5,5055,265,2.37,0.03,0.98,0.29,86.04,6.9,0.98,7.73,0,0,290.26318,41.822559
0.003996,291.22244,41.82693,6441172, ,4761,2.616,-0.14,10.183,1.564,0.00209,3029.569,0.467,DSEP,,1,Simbad,291.22244,41.82693,291.22244,41.82693111,6441172,50.89,2.66,5.38,0.15,5021,216,2.63,0.03,1.49,0.18,41.27,3.21,1,5.52,0,0,291.22244,41.826931
0.006984,296.57886,51.01985,12317483, ,4789,2.377,-0.36,14.461,1.817,8.46E-04,4550.369,0.431,DSEP,,1,Simbad,296.57886,51.01985,296.57886,51.01985194,12317483,30.14,1.64,3.73,0.9,4789,112,2.39,0.03,1.25,0.62,44.85,3.39,0.99,7.96,0,0,296.57886,51.019852
0.006984,285.15897,40.61635,5430086, ,4585,2.329,0.56,21.287,3.52,5.14E-04,3055.709,0.355,DSEP,,1,Simbad,285.15897,40.61635,285.15897,40.61634806,5430086,28.15,1.75,3.49,0.36,4501,116,2.35,0.03,1.21,0.28,72.35,7.19,1,8.51,6.41,0.83,285.15897,40.616348
0.003996,294.58313,47.33134,10281161, ,5233,3.208,-0.08,5.918,2.062,0.014,917.578,0.41,DSEP,,1,Simbad,294.58313,47.33134,294.58313,47.33134111,10281161,110.64,4.58,8.45,1.33,5237,201,2.98,0.02,2.68,0.88,106.66,5,1,3.51,0,0,294.58313,47.331341
0.006984,295.8432,48.80308,11199105, ,4759,2.39,0.36,20.008,3.583,6.30E-04,2520.955,0.454,DSEP,,1,Simbad,295.8432,48.80308,295.8432,48.80308194,11199105,30.62,1.91,3.87,0.57,4794,174,2.4,0.03,1.13,0.36,154.04,6.7,0.99,7.67,0,0,295.8432,48.803082
0,283.34692,42.93055,7340724, ,4880,3.052,0.04,6.143,1.552,0.00943,219.222,0.119,DSEP,,1,Simbad,283.34692,42.93055,283.34692,42.93055,7340724,125.02,6.13,10.59,0.28,4880,94,3.01,0.02,1.41,0.15,6.27,0.37,1,2.8,0,0,283.34692,42.93055
0.003996,294.89603,47.31809,10281965, ,4989,2.347,0.07,21.028,3.589,5.44E-04,2866.303,0.459,DSEP,,1,Simbad,294.89603,47.31809,294.89603,47.31808889,10281965,26.76,1.59,3.23,0.1,4989,243,2.35,0.03,1.65,0.22,90.32,6.7,1,9.2,0,0,294.89603,47.318089
0.014004,291.21811,51.18053,12356649, ,5301,2.898,-0.84,7.96,1.828,0.0051,744.31,0.316,DSEP,,1,Simbad,291.21811,51.18053,291.21811,51.18053389,12356649,91.98,5.12,7.64,0.23,5301,144,2.9,0.03,2.35,0.28,133.24,4.34,1,3.89,0,0,291.21811,51.180534
0.003996,295.96082,47.3796,10284955, ,4613,2.357,0.21,17.64,2.583,6.63E-04,2823.689,0.485,DSEP,,1,Simbad,295.96082,47.3796,295.96082,47.37960111,10284955,30.55,1.92,3.72,0.13,4768,151,2.4,0.03,1.31,0.18,133.17,6.45,1,7.98,0,0,295.96082,47.379601
0.003996,294.44965,41.83484,6451238, ,4584,2.412,0.36,17.477,2.876,7.59E-04,2138.944,0.572,DSEP,,1,Simbad,294.44965,41.83484,294.44965,41.83483889,6451238,31.18,1.85,3.93,0.11,4758,191,2.41,0.03,1.11,0.14,134.08,10.38,0.99,7.56,0,0,294.44965,41.834839
0.003996,296.58322,51.12769,12367827, ,5016,2.494,0.07,17.094,3.326,9.38E-04,2445.03,0.429,DSEP,,1,Simbad,296.58322,51.12769,296.58322,51.12768889,12367827,36.59,2.2,4.3,0.12,5028,256,2.49,0.03,1.36,0.18,71.85,7.34,0.99,6.91,7.62,1.69,296.58322,51.127689
0.006984,288.56778,43.56526,7813298, ,4999,2.366,0.07,20.538,3.574,5.81E-04,8383.516,0.383,DSEP,,1,Simbad,288.56778,43.56526,288.56778,43.56526194,7813298,28.35,2.15,3.73,0.1,4999,269,2.38,0.04,1.11,0.17,66.11,5.36,1,7.96,0,0,288.56778,43.565262
0.003996,286.28799,39.40664,4348593, ,5052,2.701,0.07,12.372,2.804,0.00209,595.079,0.31,DSEP,,1,Simbad,286.28799,39.40664,286.28799,39.40663889,4348593,64.22,3.77,5.15,0.15,5059,199,2.73,0.03,3.61,0.46,105.96,3.44,1,5.77,5.91,1.06,286.28799,39.406639
0.006984,288.96606,40.68173,5439339, ,5043,2.929,0.07,8.905,2.459,0.0049,1214.566,0.421,DSEP,,1,Simbad,288.96606,40.68173,288.96606,40.68172806,5439339,99.21,4.54,7.89,0.28,5188,192,2.93,0.02,2.51,0.29,60.42,5.29,1,3.76,0,0,288.96606,40.681728
0.003996,292.95093,41.10002,5879876, ,4661,2.383,-0.42,9.945,0.872,0.00125,2658.626,0.537,DSEP,,1,Simbad,292.95093,41.10002,292.95093,41.10002111,5879876,32.15,1.83,3.95,0.1,4856,189,2.42,0.03,1.23,0.15,45.47,4.81,1,7.52,0,0,292.95093,41.100021
0,289.81699,49.87241,11709205, ,4763,3.339,0.26,3.75,1.121,0.0299,428.728,0.233,DSEP,,1,Simbad,289.81699,49.87241,289.81699,49.87241,11709205,271.55,7.92,19.1,10.9,4882,71,3.35,0.01,1.37,1.56,57.15,4.09,1,1.56,0,0,289.81699,49.87241
0.003996,285.01559,48.98346,11231992, ,5065,3.05,0.02,7.151,2.095,0.00807,821.935,0.284,DSEP,,1,Simbad,285.01559,48.98346,285.01559,48.98345889,11231992,102.19,4.61,7.99,0.17,5286,177,2.94,0.02,2.68,0.26,161.73,4.8,1,3.72,0,0,285.01559,48.983459
0.003996,297.67392,47.35819,10290746, ,4996,2.354,0.07,20.848,3.584,5.57E-04,7356.485,0.534,DSEP,,1,Simbad,297.67392,47.35819,297.67392,47.35818889,10290746,28.39,2.33,3.85,1.76,4996,220,2.38,0.04,0.98,0.91,92.22,4.13,0.99,7.71,0,0,297.67392,47.358189
0.003996,298.10083,47.38531,10292330, ,5006,2.529,0.07,16.081,3.19,0.00108,4521.825,0.546,DSEP,,1,Simbad,298.10083,47.38531,298.10083,47.38531111,10292330,37.62,3.93,4.42,0.16,5074,290,2.5,0.05,1.34,0.28,69.88,6.97,0.99,6.72,0,0,298.10083,47.385311
0.003996,295.60233,42.23656,6791309, ,4732,2.322,-0.24,16.203,2.01,6.66E-04,1758.501,0.599,DSEP,,1,Simbad,295.60233,42.23656,295.60233,42.23656111,6791309,29.62,2.04,3.67,0.1,4810,114,2.39,0.03,1.27,0.17,47.08,3.29,1,8.09,0,0,295.60233,42.236561
0.003996,292.59854,49.88004,11714126, ,4861,2.363,0.07,20.075,3.386,5.90E-04,7487.644,0.378,DSEP,,1,Simbad,292.59854,49.88004,292.59854,49.88003889,11714126,33.06,1.75,3.85,0.12,4861,195,2.44,0.03,1.49,0.18,60.42,5.14,1,7.71,0,0,292.59854,49.880039
0.003996,289.62106,39.40842,4358067, ,4077,1.452,0.02,42.272,1.845,3.44E-05,5581.393,0.467,DSEP,,1,Simbad,289.62106,39.40842,289.62106,39.40842111,4358067,3.63,0.2,0.71,0.04,4077,115,1.44,0.03,1.31,0.2,67.5,4.4,0.98,41.83,0,0,289.62106,39.408421
0.003996,287.80643,42.93555,7350769, ,5171,3.295,-0.7,3.562,0.913,0.0284,425.448,0.241,DSEP,,1,Simbad,287.80643,42.93555,287.80643,42.93555111,7350769,91.78,3.92,7.08,0.96,5176,124,2.89,0.02,3.05,0.86,82.54,3.67,1,4.2,0,0,287.80643,42.935551
0.006984,287.93832,42.92119,7351098, ,5038,2.974,0.36,8.833,2.678,0.00547,1147.65,0.374,DSEP,,1,Simbad,287.93832,42.92119,287.93832,42.92118806,7351098,114.18,5.34,8.89,0.21,5102,174,2.98,0.02,2.32,0.24,120.88,3.99,1,3.34,0,0,287.93832,42.921188
0.006984,284.27859,41.95149,6502644, ,5015,2.928,-0.06,8.181,2.071,0.00533,537.076,0.269,DSEP,,1,Simbad,284.27859,41.95149,284.27859,41.95149194,6502644,97.7,17.8,8.86,0.26,5014,196,2.91,0.09,1.43,0.46,138.82,4.43,1,3.35,0,0,284.27859,41.951492
0.006984,300.25565,44.58267,8522971, ,5016,2.96,0.21,8.67,2.499,0.0054,1455.204,0.68,DSEP,,1,Simbad,300.25565,44.58267,300.25565,44.58266806,8522971,113.37,7.06,8.74,0.3,5004,159,2.98,0.03,2.36,0.31,101.59,4.72,0.99,3.4,0,0,300.25565,44.582668
0,282.11713,44.15728,8212479, ,4759,2.216,-0.64,13.836,1.146,6.10E-04,2001.202,0.289,DSEP,,1,Simbad,282.11713,44.15728,282.11713,44.15728,8212479,20.44,1.23,2.79,0.08,4915,140,2.23,0.03,1.29,0.16,119.16,6.28,1,10.65,0,0,282.11713,44.15728
0.003996,283.30109,47.44572,10322133, ,5381,3.073,-0.5,6.842,2.022,0.00889,5986.979,0.283,DSEP,,1,Simbad,283.30109,47.44572,283.30109,47.44572111,10322133,137.2,6.7,11.9,0.4,5403,186,3.08,0.02,1.36,0.16,20.49,1.76,0.99,2.5,0,0,283.30109,47.445721
0.003996,282.24716,46.11374,9508595, ,4931,2.378,-0.64,14.681,1.878,8.36E-04,2775.841,0.28,DSEP,,1,Simbad,282.24716,46.11374,282.24716,46.11373889,9508595,28.92,1.83,4.06,0.13,5328,340,2.4,0.04,0.92,0.14,67.03,3.44,1,7.32,0,0,282.24716,46.113739
0.006984,292.28741,40.62892,5449910, ,5450,4.563,0.1,0.842,0.944,2.23,144.564,0.068,DSEP,,1,Simbad,292.28741,40.62892,292.28741,40.62892194,5449910,25.19,1.57,3.58,0.74,5416,162,2.34,0.03,1.03,0.44,14.19,1.16,0.99,8.3,0,0,292.28741,40.628922
0,297.54099,49.86628,11725564, ,5008,2.942,0.21,8.98,2.572,0.005,1051.835,0.44,DSEP,,1,Simbad,297.54099,49.86628,297.54099,49.86628,11725564,107.72,5.95,8.44,0.24,4944,110,2.95,0.03,2.28,0.26,97.47,6.63,1,3.52,0,0,297.54099,49.86628
0.003996,284.88443,46.1242,9513046, ,5132,2.85,-0.46,8.636,1.924,0.00421,937.623,0.303,DSEP,,1,Simbad,284.88443,46.1242,284.88443,46.12419889,9513046,75.73,7.39,6.92,0.2,5397,246,2.82,0.05,2,0.37,89.72,4.34,1,4.29,0,0,284.88443,46.124199
0.003996,292.61639,48.99426,11245628, ,5024,2.543,0.07,15.807,3.182,0.00114,3694.81,0.389,DSEP,,1,Simbad,292.61639,48.99426,292.61639,48.99425889,11245628,42.71,1.96,4.33,0.13,5024,286,2.55,0.03,2.1,0.26,115.15,3.43,1,6.86,0,0,292.61639,48.994259
0,292.465,38.82185,3750783, ,5009,2.961,0,7.926,2.091,0.00592,1360.234,0.553,DSEP,,1,Simbad,292.465,38.82185,292.465,38.82185,3750783,110.02,4.91,8.68,0.2,5249,300,2.97,0.03,2.38,0.27,6.79,0.45,0.99,3.42,0,0,292.465,38.82185
0,283.59744,46.68269,9815461, ,4918,2.358,-0.5,16.187,2.178,7.23E-04,6071.827,0.29,DSEP,,1,Simbad,283.59744,46.68269,283.59744,46.68269,9815461,28.9,2,3.73,0.11,4918,145,2.38,0.03,1.15,0.16,51.52,4.67,1,7.96,0,0,283.59744,46.68269
0,283.60672,46.64637,9815478, ,5261,3.13,-0.56,5.769,1.639,0.012,4517.125,0.291,DSEP,,1,Simbad,283.60672,46.64637,283.60672,46.64637,9815478,167.1,18.8,14.49,0.44,5273,161,3.16,0.05,1.08,0.22,50.46,5.94,0.99,2.05,0,0,283.60672,46.64637
0.003996,285.4859,41.24454,5943345, ,4898,2.65,0.07,12.767,2.654,0.0018,1656.485,0.355,DSEP,,1,Simbad,285.4859,41.24454,285.4859,41.24454111,5943345,51.17,3.55,4.73,0.5,5085,222,2.64,0.03,2.59,0.64,126.01,4.07,1,6.28,0,0,285.4859,41.244541
0.003996,288.48788,49.93945,11757235, ,4898,2.233,-0.5,20.373,2.585,4.31E-04,6964.498,0.322,DSEP,,1,Simbad,288.48788,49.93945,288.48788,49.93944889,11757235,21.41,1.13,2.83,0.09,4898,199,2.25,0.03,1.4,0.17,36.68,2.48,1,10.5,0,0,288.48788,49.939449
0.006984,290.07169,41.9722,6516800, ,5186,3.434,-0.58,3.15,0.983,0.0443,385.88,0.228,DSEP,,1,Simbad,290.07169,41.9722,290.07169,41.97219806,6516800,61.52,2.78,5.69,0.17,5186,119,2.72,0.02,2.21,0.23,54.12,2.29,1,5.22,0,0,290.07169,41.972198
0.003996,292.13577,37.9677,2716214, ,5120,2.402,-0.5,17.154,2.708,7.56E-04,6573.03,0.59,DSEP,,1,Simbad,292.13577,37.9677,292.13577,37.96770111,2716214,30.26,1.95,3.91,0.12,5120,279,2.41,0.03,1.16,0.17,41.31,2.07,0.99,7.6,0,0,292.13577,37.967701
0.006984,294.43005,38.81727,3758731, ,5055,2.809,0.07,10.628,2.654,0.00311,1010.319,0.55,DSEP,,1,Simbad,294.43005,38.81727,294.43005,38.81726806,3758731,74.83,5.98,6.28,0.18,5119,248,2.8,0.04,2.63,0.42,115.12,3.69,1,4.73,0,0,294.43005,38.817268
0.003996,288.2847,46.13107,9518802, ,5290,2.853,0.07,10.628,2.938,0.00345,629.223,0.301,DSEP,,1,Simbad,288.2847,46.13107,288.2847,46.13106889,9518802,89.12,5.5,7.41,0.14,5285,309,2.88,0.03,2.4,0.32,108.23,5.25,1,4.01,0,0,288.2847,46.131069
0.006984,290.83051,44.1677,8230626, ,5048,2.978,0.21,8.611,2.571,0.00567,1284.959,0.415,DSEP,,1,Simbad,290.83051,44.1677,290.83051,44.16770194,8230626,108.5,6.36,8,0.17,5364,353,2.97,0.03,3.27,0.45,120.83,17.27,1,3.71,0,0,290.83051,44.167702
0.003996,289.89035,41.27115,5954370, ,4640,2.08,-0.5,18.344,1.473,3.36E-04,342.61,0.203,DSEP,,1,Simbad,289.89035,41.27115,289.89035,41.27114889,5954370,14.7,1,2.27,0.07,4632,169,2.07,0.03,1.01,0.14,44.54,3.36,1,13.08,0,0,289.89035,41.271149
0.003996,293.98932,49.9005,11767251, ,5661,3.62,-0.62,2.789,1.181,0.0766,254.292,0.143,DSEP,,1,Simbad,293.98932,49.9005,293.98932,49.90050111,11767251,101.11,13.65,9.62,0.2,5662,182,2.95,0.06,1.37,0.33,117.63,3.68,1,3.09,0,0,293.98932,49.900501
0.003996,286.24603,44.64244,8547469, ,4884,2.378,0.07,20.128,3.531,6.10E-04,3306.713,0.336,DSEP,,1,Simbad,286.24603,44.64244,286.24603,44.64244111,8547469,30.07,1.78,3.83,0.12,5022,261,2.4,0.03,1.2,0.16,79.72,6.68,1,7.75,0,0,286.24603,44.642441
0,287.46808,49.02795,11289128, ,5057,2.384,-0.94,14.347,1.815,8.66E-04,1867.472,0.317,DSEP,,1,Simbad,287.46808,49.02795,287.46808,49.02795,11289128,29.51,1.8,4,0.15,5148,212,2.4,0.03,0.99,0.14,38.5,3.48,1,7.43,9.72,1.22,287.46808,49.02795
0,287.72845,49.00008,11289515, ,4673,2.361,-0.04,15.769,2.082,7.48E-04,1915.351,0.321,DSEP,,1,Simbad,287.72845,49.00008,287.72845,49.00008,11289515,29.69,1.76,3.65,0.11,4796,111,2.39,0.03,1.31,0.16,52.93,2.74,1,8.14,0,0,287.72845,49.00008
0,295.3064,44.10746,8243522, ,5083,3.06,-0.02,7.057,2.084,0.00835,1708.791,0.537,DSEP,,1,Simbad,295.3064,44.10746,295.3064,44.10746,8243522,102.29,13.79,10.85,0.24,5142,167,2.94,0.06,0.76,0.18,110.43,3.86,0.99,2.74,0,0,295.3064,44.10746
0,289.81064,38.08849,2845408, ,5019,2.783,0.21,11.601,2.975,0.00268,1150.069,0.473,DSEP,,1,Simbad,289.81064,38.08849,289.81064,38.08849,2845408,74.76,3.95,6.38,0.12,5058,185,2.8,0.03,2.42,0.26,142.71,14.66,0.99,4.66,0,0,289.81064,38.08849
0.003996,289.86423,38.0281,2845610, ,5074,2.889,0.07,9.621,2.614,0.00414,554.859,0.328,DSEP,,1,Simbad,289.86423,38.0281,289.86423,38.02809889,2845610,90.1,5.2,6.97,0.14,5095,151,2.88,0.03,3,0.34,79.72,8.51,1,4.26,0,0,289.86423,38.028099
0.003996,296.06314,44.14751,8245912, ,4964,2.632,0.07,14.049,3.084,0.00157,3682.664,0.568,DSEP,,1,Simbad,296.06314,44.14751,296.06314,44.14751111,8245912,52.88,2.55,5.27,0.11,5033,219,2.65,0.03,1.82,0.2,75.43,4.38,1,5.64,0,0,296.06314,44.147511
0.003996,297.31436,49.99808,11775041, ,5089,2.445,-0.5,15.762,2.526,9.09E-04,2705.012,0.464,DSEP,,1,Simbad,297.31436,49.99808,297.31436,49.99808111,11775041,35.78,1.9,4.12,0.13,4964,191,2.47,0.03,1.48,0.18,53.33,4.08,1,7.21,8.85,1.17,297.31436,49.998081
0,294.7518,41.96767,6532043, ,5314,2.782,0.07,11.82,3.083,0.00263,4055.47,0.581,DSEP,,1,Simbad,294.7518,41.96767,294.7518,41.96767,6532043,74.11,3.41,6.4,0.19,5314,372,2.81,0.03,2.51,0.33,147.8,4.13,1,4.64,0,0,294.7518,41.96767
0.006984,291.13269,40.03364,4921676, ,5088,2.432,-0.5,16.64,2.73,8.35E-04,6751.223,0.5,DSEP,,1,Simbad,291.13269,40.03364,291.13269,40.03364194,4921676,32.9,1.8,4.07,0.58,5088,276,2.44,0.03,1.26,0.39,120.1,6.01,0.99,7.3,0,0,291.13269,40.033642
0,291.24667,49.07793,11295851, ,5186,2.866,0.07,10.245,2.814,0.00369,1503.687,0.366,DSEP,,1,Simbad,291.24667,49.07793,291.24667,49.07793,11295851,95.33,4.09,7.58,0.24,5300,226,2.91,0.02,2.7,0.3,165.07,7.78,1,3.92,0,0,291.24667,49.07793
0,296.63098,44.11298,8247851, ,4918,2.553,-0.36,12.276,1.963,0.00149,1991.324,0.588,DSEP,,1,Simbad,296.63098,44.11298,296.63098,44.11298,8247851,42.32,2.2,4.55,0.14,5024,242,2.55,0.03,1.68,0.21,83.11,6.94,1,6.53,0,0,296.63098,44.11298
0.006984,284.36392,42.38249,6842824, ,4763,2.414,-0.18,14.644,2.032,9.11E-04,3479.955,0.328,DSEP,,1,Simbad,284.36392,42.38249,284.36392,42.38248806,6842824,31.9,1.87,3.93,0.14,4961,233,2.42,0.03,1.27,0.17,120.06,5.67,0.99,7.56,5.26,2.93,284.36392,42.382488
0.003996,289.63226,43.68197,7884671, ,5013,2.394,0.07,19.813,3.549,6.43E-04,6169.757,0.402,DSEP,,1,Simbad,289.63226,43.68197,289.63226,43.68196889,7884671,30.62,1.68,3.83,0.09,5013,266,2.41,0.03,1.26,0.16,52.6,4.62,1,7.75,0,0,289.63226,43.681969
0.003996,289.8895,43.68831,7885370, ,5122,2.308,-0.5,19.999,2.962,5.22E-04,7174.252,0.407,DSEP,,1,Simbad,289.8895,43.68831,289.8895,43.68830889,7885370,27.13,1.74,3.63,0.13,5122,283,2.36,0.03,1.12,0.17,41.27,2.82,0.99,8.18,0,0,289.8895,43.688309
0.003996,292.97888,46.66587,9833651, ,4727,2.501,0.07,14.064,2.286,0.00116,2425.483,0.428,DSEP,,1,Simbad,292.97888,46.66587,292.97888,46.66587111,9833651,38.91,2,4.22,0.13,4911,246,2.51,0.03,1.7,0.21,94.15,12.14,1,7.04,0,0,292.97888,46.665871
0.003996,291.99393,38.057,2854994, ,5002,3.267,-0.26,3.976,1.066,0.0239,383.293,0.236,DSEP,,1,Simbad,291.99393,38.057,291.99393,38.05699889,2854994,133.16,10.78,10.26,0.21,5003,117,3.05,0.04,2.01,0.3,132.27,6.54,1,2.89,0,0,291.99393,38.056999
0.006984,288.75912,50.04632,11808481, ,4785,2.342,-0.34,15.677,1.972,7.21E-04,1532.922,0.324,DSEP,,1,Simbad,288.75912,50.04632,288.75912,50.04632194,11808481,28.42,1.63,3.83,0.11,4992,211,2.38,0.03,1,0.13,52.23,3.9,1,7.75,0,0,288.75912,50.046322
0.006984,292.27155,38.06299,2856412, ,4904,2.46,0.21,17.945,3.389,8.26E-04,3093.573,0.593,DSEP,,1,Simbad,292.27155,38.06299,292.27155,38.06298806,2856412,35.67,2.05,4.23,0.58,4904,222,2.47,0.03,1.3,0.39,9.77,0.52,0.99,7.02,0,0,292.27155,38.062988
0.003996,290.36942,45.44572,9085007, ,4960,2.402,-0.5,15.884,2.32,8.16E-04,2495.921,0.394,DSEP,,1,Simbad,290.36942,45.44572,290.36942,45.44572111,9085007,30.36,1.73,3.91,0.56,4960,191,2.4,0.03,1.12,0.34,70.86,7.3,1,7.6,0,0,290.36942,45.445721
0.006984,293.42664,47.83515,10603861, ,5013,2.394,0.07,19.813,3.549,6.43E-04,6316.506,0.419,DSEP,,1,Simbad,293.42664,47.83515,293.42664,47.83515194,10603861,29.98,1.81,3.87,0.55,5013,262,2.4,0.03,1.14,0.35,68.01,3.39,1,7.67,0,0,293.42664,47.835152
0.003996,295.93802,49.02407,11305933, ,4861,2.363,0.07,20.075,3.386,5.90E-04,4430.734,0.452,DSEP,,1,Simbad,295.93802,49.02407,295.93802,49.02407111,11305933,28.44,1.68,3.64,0.11,4861,169,2.37,0.03,1.18,0.15,56.76,4.2,0.99,8.16,0,0,295.93802,49.024071
0.003996,299.30551,41.26352,5990753, ,5029,2.909,0.21,9.476,2.653,0.00439,995.624,0.609,DSEP,,1,Simbad,299.30551,41.26352,299.30551,41.26351889,5990753,95.28,4.35,7.53,0.16,5009,160,2.9,0.02,2.54,0.25,98.14,5.01,1,3.94,0,0,299.30551,41.263519
0.003996,293.46094,47.82677,10603958, ,4836,2.361,-0.44,15.204,1.936,7.76E-04,1910.724,0.42,DSEP,,1,Simbad,293.46094,47.82677,293.46094,47.82677111,10603958,29.9,1.8,3.77,0.12,4949,175,2.4,0.03,1.23,0.16,71.35,5.71,0.99,7.88,0,0,293.46094,47.826771
0.006984,290.79398,45.45574,9086060, ,4911,2.592,0.07,13.86,2.739,0.00145,2275.519,0.402,DSEP,,1,Simbad,290.79398,45.45574,290.79398,45.45574194,9086060,48.29,2.22,4.77,0.16,5037,267,2.61,0.03,2.07,0.25,81.05,4.05,0.99,6.23,0,0,290.79398,45.455742
0,284.62585,42.07695,6586303, ,5013,2.394,0.07,19.813,3.549,6.43E-04,7884.632,0.334,DSEP,,1,Simbad,284.62585,42.07695,284.62585,42.07695,6586303,29.02,1.93,3.91,0.62,5013,216,2.39,0.03,0.99,0.34,91.58,7.16,0.99,7.6,0,0,284.62585,42.07695
0.003996,294.15631,50.09987,11818451, ,5208,2.353,-0.5,19.373,3.087,5.98E-04,6688.696,0.4,DSEP,,1,Simbad,294.15631,50.09987,294.15631,50.09986889,11818451,29.04,2.13,3.97,0.14,5208,292,2.39,0.04,0.99,0.16,39.04,2.96,0.99,7.48,0,0,294.15631,50.099869
0.003996,293.58252,47.86645,10604255, ,4706,2.374,-0.1,15.447,2.061,7.88E-04,894.18,0.387,DSEP,,1,Simbad,293.58252,47.86645,293.58252,47.86645111,10604255,31.04,2.18,3.9,0.53,4781,106,2.4,0.03,1.14,0.34,111.07,6.43,1,7.62,0,0,293.58252,47.866451
0.003996,291.021,45.49546,9086653, ,4623,2.398,-0.02,13.801,1.736,9.30E-04,2049.56,0.405,DSEP,,1,Simbad,291.021,45.49546,291.021,45.49546111,9086653,31.33,1.61,3.68,0.11,4780,166,2.41,0.03,1.48,0.17,56.76,5.79,1,8.07,0,0,291.021,45.495461
0.006984,293.24185,38.04336,2860936, ,5043,2.929,0.07,8.905,2.459,0.0049,702.131,0.424,DSEP,,1,Simbad,293.24185,38.04336,293.24185,38.04336194,2860936,102.01,5.63,7.59,0.84,5062,144,2.93,0.03,3.07,0.75,114.32,5.55,1,3.91,0,0,293.24185,38.043362
0,294.70306,43.64983,7899597, ,4742,2.42,-0.12,14.632,2.054,9.23E-04,3982.85,0.533,DSEP,,1,Simbad,294.70306,43.64983,294.70306,43.64983,7899597,32.17,1.76,3.96,0.12,4934,230,2.43,0.03,1.25,0.16,55.28,2.74,1,7.5,0,0,294.70306,43.64983
0.003996,286.46161,42.08183,6590381, ,4959,2.682,-0.28,10.659,1.992,0.00232,2253.323,0.363,DSEP,,1,Simbad,286.46161,42.08183,286.46161,42.08182889,6590381,59.67,2.57,5.38,0.16,5172,256,2.71,0.02,2.51,0.28,89.1,4.02,0.99,5.52,0,0,286.46161,42.081829
0.003996,293.08679,43.03655,7449159, ,4825,2.821,0.1,9.031,1.97,0.00377,1791.674,0.495,DSEP,,1,Simbad,293.08679,43.03655,293.08679,43.03654889,7449159,76.43,3.88,7.09,0.19,5054,237,2.81,0.03,1.69,0.2,12.56,0.61,1,4.19,0,0,293.08679,43.036549
0.003996,295.19717,43.66907,7901207, ,4941,2.855,0.36,10.305,2.771,0.00357,1299.227,0.524,DSEP,,1,Simbad,295.19717,43.66907,295.19717,43.66907111,7901207,85.54,3.68,6.52,0.13,5038,233,2.86,0.02,3.3,0.34,128.71,6.35,1,4.56,0,0,295.19717,43.669071
0.003996,295.31799,40.09747,4937056, ,4796,2.57,-0.24,10.843,1.594,0.00176,2291.505,0.671,DSEP,,1,Simbad,295.31799,40.09747,295.31799,40.09746889,4937056,50.16,2.96,4.78,0.15,5039,312,2.62,0.03,2.31,0.33,81.96,8.59,0.99,6.21,7.27,0.94,295.31799,40.097469
0,287.11548,49.12405,11341723, ,5008,2.369,-0.5,17.799,2.702,6.75E-04,1871.298,0.313,DSEP,,1,Simbad,287.11548,49.12405,287.11548,49.12405,11341723,29.06,1.79,3.83,0.15,5022,265,2.39,0.03,1.08,0.16,39.61,1.94,1,7.75,7.39,1.31,287.11548,49.12405
0.006984,295.79947,43.65568,7903173, ,4951,3.118,-0.08,5.564,1.481,0.0121,940.574,0.481,DSEP,,1,Simbad,295.79947,43.65568,295.79947,43.65568194,7903173,155.6,7.14,12.55,0.46,5166,192,3.12,0.02,1.5,0.18,20.51,1.8,0.98,2.37,0,0,295.79947,43.655682
0.003996,288.56232,41.31202,6032639, ,4857,2.557,0.07,14.947,2.94,0.00124,2029.521,0.411,DSEP,,1,Simbad,288.56232,41.31202,288.56232,41.31201889,6032639,45.9,2.46,4.73,0.15,5037,262,2.59,0.03,1.84,0.24,123.41,4.12,1,6.28,0,0,288.56232,41.312019
0.003996,296.08246,47.88766,10611309, ,5014,2.384,0.07,20.087,3.56,6.19E-04,6852.102,0.477,DSEP,,1,Simbad,296.08246,47.88766,296.08246,47.88766111,10611309,30.35,1.63,3.76,0.13,5014,293,2.41,0.03,1.32,0.18,58.36,6.22,1,7.9,0,0,296.08246,47.887661
0.003996,297.41351,47.57334,10420403, ,5026,2.504,0.07,16.891,3.319,9.70E-04,5330.897,0.52,DSEP,,1,Simbad,297.41351,47.57334,297.41351,47.57334111,10420403,39.72,2.01,4.37,0.13,5026,256,2.52,0.03,1.63,0.2,86.7,3.31,1,6.8,0,0,297.41351,47.573341
0.006984,296.46201,43.62269,7905528, ,3891,1.238,0.12,53.175,1.784,1.67E-05,3297.455,0.6,DSEP,,1,Simbad,296.46201,43.62269,296.46201,43.62269194,7905528,62.79,2.84,5.97,0.14,3891,99,2.67,0.02,1.26,0.12,103.75,24.37,0.99,4.98,0,0,296.46201,43.622692
0.014004,284.04083,44.26453,8282536, ,4528,2.364,0.32,16.11,2.188,7.37E-04,6048.636,0.31,DSEP,,1,Simbad,284.04083,44.26453,284.04083,44.26452611,8282536,29.13,2.13,3.8,0.12,4528,121,2.37,0.03,0.96,0.14,54.08,2.5,1,7.82,0,0,284.04083,44.264526
0,289.36511,41.3708,6034893, ,5147,3.442,-0.16,3.791,1.451,0.0375,478.44,0.276,DSEP,,1,Simbad,289.36511,41.3708,289.36511,41.3708,6034893,299.22,0,20.98,0.89,5381,79,3.41,0,1.46,0.13,69.89,6.59,1,1.42,0,0,289.36511,41.3708
0.003996,298.50842,47.53852,10424379, ,4924,2.938,-0.34,5.768,1.052,0.00772,1310.331,0.527,DSEP,,1,Simbad,298.50842,47.53852,298.50842,47.53852111,10424379,106.65,5.23,9.48,0.26,5132,152,2.96,0.02,1.47,0.16,13.57,1.19,0.98,3.13,0,0,298.50842,47.538521
0,285.42593,44.24548,8285008, ,4983,2.381,-0.5,16.804,2.478,7.36E-04,5963.984,0.328,DSEP,,1,Simbad,285.42593,44.24548,285.42593,44.24548,8285008,29.73,1.82,3.98,0.11,4983,215,2.4,0.03,0.98,0.13,112.69,5.59,1,7.46,0,0,285.42593,44.24548
0.003996,291.21417,38.18249,2988655, ,5158,2.393,-0.5,17.661,2.811,7.19E-04,4638.659,0.546,DSEP,,1,Simbad,291.21417,38.18249,291.21417,38.18249111,2988655,30.63,1.7,3.87,0.61,5158,313,2.42,0.03,1.27,0.43,71.85,6.93,0.99,7.67,0,0,291.21417,38.182491
0,287.12354,44.20089,8288228, ,5036,2.334,-0.5,19.58,3.014,5.65E-04,6280.209,0.353,DSEP,,1,Simbad,287.12354,44.20089,287.12354,44.20089,8288228,29.35,1.83,3.86,1.91,5036,231,2.39,0.03,1.09,1.08,60.51,2.76,0.99,7.69,0,0,287.12354,44.20089
0,289.24081,50.18362,11859572, ,5103,2.359,-0.5,18.374,2.813,6.39E-04,7630.811,0.329,DSEP,,1,Simbad,289.24081,50.18362,289.24081,50.18362,11859572,28.29,1.72,3.88,0.12,5103,276,2.38,0.03,0.97,0.13,50.46,5.82,0.99,7.65,0,0,289.24081,50.18362
0.003996,289.41107,50.10863,11859861, ,5106,2.388,-0.5,17.456,2.712,7.18E-04,6729.099,0.332,DSEP,,1,Simbad,289.41107,50.10863,289.41107,50.10863111,11859861,29.78,1.66,3.84,0.09,5106,303,2.4,0.03,1.18,0.15,65.66,6.17,1,7.73,0,0,289.41107,50.108631
0.003996,281.13095,47.63539,10448925, ,4999,2.366,0.07,20.538,3.574,5.81E-04,6600.185,0.263,DSEP,,1,Simbad,281.13095,47.63539,281.13095,47.63539111,10448925,27.26,1.86,3.71,0.13,4999,233,2.36,0.03,1.01,0.15,50.11,2.44,1,8.01,0,0,281.13095,47.635391
0,280.50638,43.13736,7499677, ,4825,2.341,-0.44,15.551,1.936,7.25E-04,2346.905,0.278,DSEP,,1,Simbad,280.50638,43.13736,280.50638,43.13736,7499677,27.19,1.85,3.8,0.13,4825,115,2.35,0.03,0.86,0.12,43.92,3.35,0.99,7.82,0,0,280.50638,43.13736
0.006984,285.80026,39.05184,3937217, ,4780,2.362,-0.3,15.378,1.987,7.70E-04,2068.15,0.383,DSEP,,1,Simbad,285.80026,39.05184,285.80026,39.05184194,3937217,30.06,1.94,3.76,0.11,4887,185,2.4,0.03,1.24,0.17,54.08,4.43,1,7.9,9.08,1.42,285.80026,39.051842
0,296.0965,45.49136,9101612, ,4932,2.666,-0.24,10.903,2.007,0.00218,3050.922,0.532,DSEP,,1,Simbad,296.0965,45.49136,296.0965,45.49136,9101612,56.61,2.92,5.38,0.15,4932,137,2.67,0.02,2,0.22,150.83,6.97,0.99,5.52,0,0,296.0965,45.49136
0.003996,291.05286,40.70247,5531278, ,4577,2.366,0.21,15.955,2.157,7.48E-04,1519.867,0.48,DSEP,,1,Simbad,291.05286,40.70247,291.05286,40.70246889,5531278,34.91,,3.68,0.11,4643,122,2.45,,1.96,,61.68,2.97,1,8.07,0,0,291.05286,40.702469
0,287.95328,47.69791,10461323, ,4897,2.84,0.07,9.242,2.152,0.00384,672.554,0.299,DSEP,,1,Simbad,287.95328,47.69791,287.95328,47.69791,10461323,90.71,3.98,7.38,0.15,4973,138,2.88,0.02,2.35,0.22,161.68,6.17,1,4.02,0,0,287.95328,47.69791
0.006984,287.96533,47.69401,10461347, ,4595,2.365,0.16,15.942,2.147,7.46E-04,2179.653,0.334,DSEP,,1,Simbad,287.96533,47.69401,287.96533,47.69401194,10461347,31.11,2.06,3.95,0.41,4887,240,2.41,0.03,1.13,0.28,121.73,6.46,1,7.52,0,0,287.96533,47.694012
0.006984,292.24228,40.76869,5534910, ,4981,2.932,0.36,9.268,2.678,0.00474,805.862,0.425,DSEP,,1,Simbad,292.24228,40.76869,292.24228,40.76868806,5534910,112.26,4.84,8.26,0.24,5092,153,2.98,0.02,2.94,0.3,94.8,6.66,1,3.6,0,0,292.24228,40.768688
0.003996,294.08322,42.38804,6870872, ,4999,2.366,0.07,20.538,3.574,5.81E-04,5223.553,0.544,DSEP,,1,Simbad,294.08322,42.38804,294.08322,42.38803889,6870872,28.65,1.51,3.55,0.35,4999,270,2.38,0.03,1.4,0.32,81.4,8.65,1,8.37,0,0,294.08322,42.388039
0.006984,284.72379,43.74254,7943876, ,4616,2.338,-0.2,13.057,1.356,8.58E-04,2516.232,0.323,DSEP,,1,Simbad,284.72379,43.74254,284.72379,43.74253806,7943876,29.56,1.92,3.66,0.09,4888,229,2.39,0.03,1.31,0.18,59.17,4.66,1,8.12,0,0,284.72379,43.742538
0.006984,297.30344,42.02878,6627543, ,5040,2.962,0.07,8.365,2.336,0.00562,1596.458,0.667,DSEP,,1,Simbad,297.30344,42.02878,297.30344,42.02878194,6627543,116.02,5.06,8.85,0.85,4840,129,2.98,0.02,2.29,0.48,103.74,4.84,0.98,3.36,0,0,297.30344,42.028782
0.006984,297.31967,42.03927,6627606, ,4671,2.399,-0.44,9.646,0.851,0.00134,415.358,0.26,DSEP,,1,Simbad,297.31967,42.03927,297.31967,42.03926806,6627606,30.9,1.7,3.92,0.55,4622,140,2.4,0.03,1.05,0.31,13.7,0.62,1,7.58,0,0,297.31967,42.039268
0.003996,297.62634,42.05131,6628948, ,5004,3.006,0.07,7.631,2.15,0.00681,1954.334,0.706,DSEP,,1,Simbad,297.62634,42.05131,297.62634,42.05131111,6628948,117.63,11.31,9.97,0.23,4971,147,2.99,0.04,1.54,0.27,133.15,10.86,0.98,2.98,0,0,297.62634,42.051311
0,295.66577,44.27206,8310792, ,5053,2.962,-0.1,7.84,2.057,0.00601,1135.509,0.505,DSEP,,1,Simbad,295.66577,44.27206,295.66577,44.27206,8310792,111.57,4.51,8.19,0.19,5105,167,2.97,0.02,3,0.28,112.19,6.14,1,3.63,0,0,295.66577,44.27206
0.006984,287.58151,43.10483,7515107, ,4920,2.346,-0.76,13.445,1.463,8.48E-04,3888.797,0.371,DSEP,,1,Simbad,287.58151,43.10483,287.58151,43.10483194,7515107,28.02,2.17,3.73,0.12,5140,303,2.38,0.04,1.12,0.18,50.46,4,1,7.96,0,0,287.58151,43.104832
0.003996,287.68591,38.26814,3102990, ,4835,2.382,0.07,19.16,3.224,6.46E-04,3968.237,0.435,DSEP,,1,Simbad,287.68591,38.26814,287.68591,38.26813889,3102990,29.77,1.86,3.79,0.56,4835,177,2.39,0.03,1.15,0.36,85.44,7.84,1,7.84,0,0,287.68591,38.268139
0,288.07898,46.21545,9579999, ,4630,2.304,0.07,18.328,2.463,5.63E-04,3255.472,0.348,DSEP,,1,Simbad,288.07898,46.21545,288.07898,46.21545,9579999,31.29,1.57,3.68,0.54,4902,237,2.41,0.03,1.53,0.48,59.59,7.68,1,8.07,0,0,288.07898,46.21545
0,298.70181,42.07497,6634419, ,5122,2.886,0.07,9.828,2.707,0.00402,1254.859,0.663,DSEP,,1,Simbad,298.70181,42.07497,298.70181,42.07497,6634419,90,5.4,7.28,0.15,5302,187,2.89,0.03,2.67,0.32,137.85,6.64,1,4.08,0,0,298.70181,42.07497
0.003996,292.00891,39.01751,3956210, ,5015,2.34,-0.5,18.489,2.725,6.07E-04,6001.762,0.555,DSEP,,1,Simbad,292.00891,39.01751,292.00891,39.01750889,3956210,29.67,3.21,3.85,0.5,5015,214,2.4,0.05,1.13,0.37,54.83,4.94,0.99,7.71,0,0,292.00891,39.017509
0,292.18906,49.21907,11403541, ,5109,2.408,-0.5,16.988,2.693,7.74E-04,4163.024,0.379,DSEP,,1,Simbad,292.18906,49.21907,292.18906,49.21907,11403541,29.61,1.73,3.9,0.12,5109,292,2.4,0.03,1.09,0.15,60,5.2,1,7.62,0,0,292.18906,49.21907
0.003996,289.24942,40.16323,5002776, ,4661,2.365,-0.1,15.026,1.909,7.93E-04,1440.605,0.441,DSEP,,1,Simbad,289.24942,40.16323,289.24942,40.16323111,5002776,30.38,1.67,3.75,0.12,4665,107,2.39,0.03,1.2,0.14,72.35,6.61,1,7.92,0,0,289.24942,40.163231
0.003996,289.79245,43.76576,7954197, ,4819,2.428,0.07,17.41,2.96,7.90E-04,1510.382,0.403,DSEP,,1,Simbad,289.79245,43.76576,289.79245,43.76575889,7954197,31.85,1.91,3.92,0.12,4819,172,2.42,0.03,1.22,0.16,70.86,3.88,1,7.58,0,0,289.79245,43.765759
0.003996,291.04245,50.27535,11913049, ,4591,2.361,-0.16,11.769,1.161,0.001,2600.53,0.351,DSEP,,1,Simbad,291.04245,50.27535,291.04245,50.27534889,11913049,29.49,1.62,3.72,0.13,4883,198,2.39,0.03,1.22,0.16,48.74,3.17,0.98,7.98,0,0,291.04245,50.275349
0.003996,283.53006,42.12061,6668939, ,5148,2.389,-0.5,17.748,2.812,7.08E-04,7781.226,0.319,DSEP,,1,Simbad,283.53006,42.12061,283.53006,42.12060889,6668939,29.43,1.84,3.89,0.12,5148,273,2.4,0.03,1.1,0.15,52.64,2.48,1,7.64,0,0,283.53006,42.120609
0.003996,299.64545,44.2749,8325764, ,4864,2.337,-0.5,15.988,2.028,6.99E-04,1395.203,0.658,DSEP,,1,Simbad,299.64545,44.2749,299.64545,44.27489889,8325764,29,1.76,3.97,0.13,4894,153,2.38,0.03,0.9,0.12,45.16,3.48,0.99,7.48,0,0,299.64545,44.274899
0.006984,292.84641,43.11841,7531136, ,4031,1.308,-0.28,35.003,0.908,2.98E-05,3806.036,0.488,DSEP,,1,Simbad,292.84641,43.11841,292.84641,43.11840806,7531136,2.9,0.2,0.59,0.01,3973,156,1.34,0.03,1.34,0.18,98.83,7.35,1,50.34,0,0,292.84641,43.118408
0.003996,300.6394,44.26854,8329095, ,4779,2.613,0.21,13.14,2.586,0.0016,968.242,0.569,DSEP,,1,Simbad,300.6394,44.26854,300.6394,44.26853889,8329095,50.24,2.41,5.01,0.14,4855,150,2.62,0.02,1.82,0.19,150.87,7.85,0.99,5.93,0,0,300.6394,44.268539
0.003996,292.37622,46.24738,9589369, ,5211,3.082,-0.3,6.703,1.981,0.00927,1366.13,0.418,DSEP,,1,Simbad,292.37622,46.24738,292.37622,46.24737889,9589369,114.1,10.26,11.84,0.27,5211,154,2.99,0.04,0.76,0.13,97.51,4.73,1,2.51,0,0,292.37622,46.247379
0.003996,296.84302,50.25113,11924806, ,5047,2.966,-0.08,7.821,2.064,0.00608,1448.154,0.445,DSEP,,1,Simbad,296.84302,50.25113,296.84302,50.25112889,11924806,109.17,4.71,8.67,0.18,5051,134,2.96,0.02,2.2,0.2,138.82,5.33,1,3.43,0,0,296.84302,50.251129
0,288.65143,41.40387,6113813, ,5069,3.162,0.02,6.052,1.94,0.0123,1268.916,0.407,DSEP,,1,Simbad,288.65143,41.40387,288.65143,41.40387,6113813,138.31,26.21,12.62,0.29,5186,179,3.07,0.09,1.04,0.35,74.96,4.56,1,2.35,0,0,288.65143,41.40387
0,289.17035,41.41637,6115282, ,5006,2.38,0.07,20.198,3.564,6.09E-04,6712.488,0.423,DSEP,,1,Simbad,289.17035,41.41637,289.17035,41.41637,6115282,29.12,1.72,3.86,0.57,5006,276,2.39,0.03,1.05,0.34,96.89,4.79,1,7.69,0,0,289.17035,41.41637
0.003996,293.82428,40.15418,5018155, ,4993,2.399,0.07,19.695,3.546,6.54E-04,4863.739,0.598,DSEP,,1,Simbad,293.82428,40.15418,293.82428,40.15417889,5018155,32.31,1.9,4.18,0.14,4993,218,2.43,0.03,1.04,0.14,12.71,0.88,1,7.11,0,0,293.82428,40.154179
0.003996,294.09631,39.64708,4570555, ,5161,3.192,-0.16,5.753,1.88,0.0139,865.149,0.485,DSEP,,1,Simbad,294.09631,39.64708,294.09631,39.64707889,4570555,186.81,15.27,14.68,0.58,5058,127,3.2,0.04,1.35,0.22,6.22,0.38,1,2.02,0,0,294.09631,39.647079
0.006984,296.96802,43.10457,7547646, ,4959,2.715,0.07,11.829,2.647,0.00225,1237.963,0.578,DSEP,,1,Simbad,296.96802,43.10457,296.96802,43.10456806,7547646,64.87,2.63,5.49,0.17,4930,132,2.73,0.02,2.77,0.28,85.44,4.48,1,5.41,0,0,296.96802,43.104568
0.003996,286.98456,49.39115,11446691, ,4812,2.361,-0.38,15.286,1.958,7.72E-04,2522.621,0.309,DSEP,,1,Simbad,286.98456,49.39115,286.98456,49.39115111,11446691,28.17,1.75,3.78,0.51,5006,263,2.37,0.03,1.03,0.31,65.2,5.97,1,7.86,0,0,286.98456,49.391151
0.014004,287.56387,47.77861,10525439, ,4777,2.343,-0.32,15.697,1.98,7.21E-04,5430.763,0.328,DSEP,,1,Simbad,287.56387,47.77861,287.56387,47.77860611,10525439,28.79,2.39,3.89,0.14,4777,125,2.37,0.04,0.92,0.15,38.24,3.56,0.99,7.64,0,0,287.56387,47.778606
0,285.53638,38.35881,3216467, ,4617,2.387,0.56,19.4,3.344,6.45E-04,1966.297,0.385,DSEP,,1,Simbad,285.53638,38.35881,285.53638,38.35881,3216467,31.47,1.96,3.83,0.12,4623,154,2.4,0.03,1.21,0.16,151.87,8.36,0.99,7.75,0,0,285.53638,38.35881
0,291.41467,50.33255,11962986, ,5146,2.379,-0.5,17.97,2.817,6.84E-04,5465.414,0.356,DSEP,,1,Simbad,291.41467,50.33255,291.41467,50.33255,11962986,29.34,1.73,3.93,0.13,5146,253,2.4,0.03,1.04,0.14,49.42,3.75,1,7.56,0,0,291.41467,50.33255
0,297.13791,43.76836,7976619, ,4968,2.85,0.21,9.921,2.539,0.00366,1025.888,0.526,DSEP,,1,Simbad,297.13791,43.76836,297.13791,43.76836,7976619,86.77,4.23,7.16,0.26,5191,287,2.87,0.03,2.48,0.32,5.5,0.4,1,4.15,0,0,297.13791,43.76836
0.003996,286.49353,39.10749,4041075, ,4572,2.399,0.26,15.421,2.171,8.34E-04,3604.773,0.396,DSEP,,1,Simbad,286.49353,39.10749,286.49353,39.10749111,4041075,32.2,2,3.78,0.13,4290,156,2.4,0.03,1.23,0.17,111.25,5.14,1,7.86,0,0,286.49353,39.107491
0,294.64951,39.68391,4572779, ,4883,2.363,0.21,20.725,3.614,5.72E-04,5932.616,0.654,DSEP,,1,Simbad,294.64951,39.68391,294.64951,39.68391,4572779,28.42,1.82,3.92,0.15,4985,148,2.38,0.03,0.91,0.13,83.69,11.46,0.99,7.58,0,0,294.64951,39.68391
0.003996,291.72638,41.49388,6123238, ,5025,2.699,0.07,12.527,2.862,0.00205,4560.696,0.488,DSEP,,1,Simbad,291.72638,41.49388,291.72638,41.49388111,6123238,56.63,4.94,5.4,0.18,5362,419,2.69,0.05,2.24,0.43,9.39,2.55,0.98,5.5,0,0,291.72638,41.493881
0.003996,286.64819,42.46952,6933666, ,4674,2.433,-0.22,11.555,1.32,0.00121,1872.955,0.362,DSEP,,1,Simbad,286.64819,42.46952,286.64819,42.46952111,6933666,33.78,1.76,3.83,0.12,5009,228,2.45,0.03,1.69,0.21,99.2,2.65,0.99,7.75,0,0,286.64819,42.469521
0,293.46133,50.30254,11966513, ,5096,2.563,-0.5,13.426,2.406,0.0014,3587.702,0.386,DSEP,,1,Simbad,293.46133,50.30254,293.46133,50.30254,11966513,40.87,2.35,4.56,0.14,5299,360,2.55,0.03,1.62,0.23,57.16,5.72,0.99,6.51,0,0,293.46133,50.30254
0.003996,280.26242,43.26406,7581399, ,5033,2.849,0.07,10.078,2.614,0.0036,1564.409,0.275,DSEP,,1,Simbad,280.26242,43.26406,280.26242,43.26406111,7581399,84.46,4.13,6.62,0.24,5244,192,2.86,0.02,3.18,0.38,150.83,6.08,0.99,4.49,0,0,280.26242,43.264061
0.006984,284.95337,48.02334,10716261, ,5002,2.376,0.07,20.289,3.567,6.02E-04,7374.41,0.297,DSEP,,1,Simbad,284.95337,48.02334,284.95337,48.02333806,10716261,29.7,1.75,3.77,0.13,5002,258,2.4,0.03,1.22,0.17,61.83,3.29,1,7.88,0,0,284.95337,48.023338
0,287.20041,38.3447,3220837, ,5036,3.181,-0.08,5.433,1.632,0.0143,1375.79,0.419,DSEP,,1,Simbad,287.20041,38.3447,287.20041,38.3447,3220837,132.56,20.1,13.21,0.31,5294,260,3.06,0.07,0.79,0.21,79.73,7.54,0.99,2.25,0,0,287.20041,38.3447
0,295.47058,50.38002,11970850, ,4757,2.37,-0.3,14.666,1.838,8.21E-04,3263.498,0.42,DSEP,,1,Simbad,295.47058,50.38002,295.47058,50.38002,11970850,28.69,1.54,3.58,0.08,4999,227,2.38,0.03,1.35,0.16,52.96,3.85,0.99,8.3,0,0,295.47058,50.38002
0.006984,295.58084,50.38257,11971108, ,5002,2.376,0.07,20.289,3.567,6.02E-04,5113.369,0.422,DSEP,,1,Simbad,295.58084,50.38257,295.58084,50.38256806,11971108,29.84,1.61,3.68,0.66,5002,295,2.4,0.03,1.37,0.52,55.31,3.05,0.98,8.07,0,0,295.58084,50.382568
0.003996,294.96649,46.24459,9596106, ,4696,2.221,-0.3,18.097,1.988,4.73E-04,1990.684,0.482,DSEP,,1,Simbad,294.96649,46.24459,294.96649,46.24459111,9596106,21.26,1.12,2.68,0.08,4782,167,2.24,0.03,1.64,0.19,110.53,3.56,1,11.08,5.64,2.88,294.96649,46.244591
0,292.68115,49.35294,11456735, ,5134,3.087,-0.1,6.789,2.056,0.00925,475.221,0.263,DSEP,,1,Simbad,292.68115,49.35294,292.68115,49.35294,11456735,94.33,4.4,7.03,0.14,5333,200,2.91,0.02,3.57,0.36,120.04,6.12,1,4.22,0,0,292.68115,49.35294
0,294.20181,42.15646,6700113, ,5015,2.928,-0.06,8.181,2.071,0.00533,775.35,0.428,DSEP,,1,Simbad,294.20181,42.15646,294.20181,42.15646,6700113,98.96,4.54,7.66,0.22,5269,178,2.93,0.02,2.87,0.31,120.85,3.58,1,3.88,0,0,294.20181,42.15646
0.006984,294.8335,46.77133,9898373, ,4858,2.555,0.07,14.717,2.834,0.00125,2624.554,0.468,DSEP,,1,Simbad,294.8335,46.77133,294.8335,46.77133194,9898373,45.03,3.28,4.73,0.63,5033,280,2.58,0.04,1.74,0.53,128.62,6.83,0.99,6.28,0,0,294.8335,46.771332
0.006984,293.69916,41.40222,6129632, ,5026,3.129,-0.12,5.746,1.621,0.012,852.412,0.453,DSEP,,1,Simbad,293.69916,41.40222,293.69916,41.40222194,6129632,152.11,11.4,11.08,0.25,5189,170,3.11,0.04,2.33,0.33,3.69,0.19,1,2.68,0,0,293.69916,41.402222
0.003996,285.46579,50.41648,12003253, ,4785,2.41,-0.24,14.634,2.009,9.03E-04,1699.629,0.288,DSEP,,1,Simbad,285.46579,50.41648,285.46579,50.41648111,12003253,33.14,1.69,3.85,0.13,4972,243,2.44,0.03,1.55,0.2,54.08,4.27,0.99,7.71,10.3,0.83,285.46579,50.416481
0.003996,281.14883,43.82372,8006173, ,5139,2.373,-0.5,18.091,2.819,6.71E-04,14863.608,0.281,DSEP,,1,Simbad,281.14883,43.82372,281.14883,43.82371889,8006173,27.5,1.8,3.8,0.14,5227,203,2.37,0.03,1,0.14,84.98,2.76,0.99,7.82,0,0,281.14883,43.823719
0,294.34348,41.45747,6131884, ,4808,2.349,-0.62,11.627,1.101,9.87E-04,1760.318,0.573,DSEP,,1,Simbad,294.34348,41.45747,294.34348,41.45747,6131884,25.26,1.62,3.63,0.11,5141,324,2.33,0.04,0.91,0.14,32.83,2.64,0.99,8.18,0,0,294.34348,41.45747
0.003996,299.12772,44.77139,8648338, ,4969,2.899,0.21,9.433,2.572,0.00432,1691.623,0.655,DSEP,,1,Simbad,299.12772,44.77139,299.12772,44.77138889,8648338,93.15,5.62,7.53,0.15,5029,223,2.89,0.03,2.39,0.3,48.07,3.51,0.99,3.94,0,0,299.12772,44.771389
0.006984,287.38123,43.23942,7595365, ,4939,2.37,-0.5,16.474,2.32,7.31E-04,5958.157,0.366,DSEP,,1,Simbad,287.38123,43.23942,287.38123,43.23942194,7595365,29.4,1.89,4.08,0.11,5180,253,2.4,0.03,0.91,0.13,88.47,4.41,1,7.28,0,0,287.38123,43.239422
0.003996,296.81079,46.71622,9904029, ,4845,2.394,0.07,18.88,3.221,6.74E-04,5678.689,0.524,DSEP,,1,Simbad,296.81079,46.71622,296.81079,46.71622111,9904029,28.95,2.36,3.67,0.55,4845,185,2.38,0.04,1.2,0.4,58.77,4.76,0.99,8.09,0,0,296.81079,46.716221
0.006984,295.69174,40.14237,5026399, ,5021,2.967,-0.14,7.475,1.89,0.00637,388.512,0.242,DSEP,,1,Simbad,295.69174,40.14237,295.69174,40.14236806,5026399,111.35,4.85,8.67,0.22,5098,158,2.97,0.02,2.37,0.23,72.35,12.05,1,3.43,0,0,295.69174,40.142368
0.003996,291.63077,44.34158,8365052, ,4927,2.64,-0.26,11.204,2,0.002,2042.123,0.435,DSEP,,1,Simbad,291.63077,44.34158,291.63077,44.34157889,8365052,55.89,2.39,5.05,0.15,5254,338,2.68,0.03,2.73,0.34,77,3.24,1,5.88,0,0,291.63077,44.341579
0.003996,288.24649,43.20708,7597390, ,4782,2.383,-0.42,13.257,1.547,9.35E-04,2748.937,0.382,DSEP,,1,Simbad,288.24649,43.20708,288.24649,43.20708111,7597390,30.79,2.09,4,0.54,5023,259,2.41,0.03,1.08,0.33,81.59,4.36,1,7.43,0,0,288.24649,43.207081
0.003996,291.90381,44.3868,8365782, ,5109,2.833,0.07,10.656,2.814,0.00328,881.246,0.398,DSEP,,1,Simbad,291.90381,44.3868,291.90381,44.38679889,8365782,81.33,3.2,6.3,0.13,5356,319,2.85,0.03,3.57,0.39,115.99,4.12,1,4.71,0,0,291.90381,44.386799
0.006984,293.40237,48.05422,10735077, ,4869,2.369,0.07,19.928,3.386,6.03E-04,3711.506,0.416,DSEP,,1,Simbad,293.40237,48.05422,293.40237,48.05421806,10735077,29.17,1.83,3.75,0.47,4847,171,2.38,0.03,1.13,0.31,67.5,6.31,0.99,7.92,7.78,1.83,293.40237,48.054218
0.003996,293.91449,48.08357,10736390, ,5102,2.751,0.21,12.326,3.12,0.00235,1237.89,0.417,DSEP,,1,Simbad,293.91449,48.08357,293.91449,48.08356889,10736390,75.13,3.06,5.85,0.06,5147,175,2.8,0.02,3.56,0.3,103.76,5.09,0.99,5.08,0,0,293.91449,48.083569
0.003996,292.74582,38.30808,3240280, ,4810,2.384,-0.34,14.938,1.972,8.33E-04,2878.088,0.607,DSEP,,1,Simbad,292.74582,38.30808,292.74582,38.30807889,3240280,29.19,1.71,3.78,1.71,4810,121,2.38,0.03,1.08,0.99,103.83,5.3,0.99,7.86,0,0,292.74582,38.308079
0.003996,300.12079,46.24001,9612933, ,4886,2.603,-0.4,10.285,1.546,0.002,906.5,0.506,DSEP,,1,Simbad,300.12079,46.24001,300.12079,46.24000889,9612933,53.29,2.53,4.38,0.16,4886,136,2.64,0.02,3.74,0.43,39.5,1.54,1,6.78,0,0,300.12079,46.240009
0,290.92725,43.23875,7604896, ,4878,2.917,0.06,7.812,1.837,0.00543,2239.48,0.436,DSEP,,1,Simbad,290.92725,43.23875,290.92725,43.23875,7604896,78.33,11.7,8.78,0.27,5032,133,2.82,0.07,0.77,0.21,88.46,9.52,1,3.38,0,0,290.92725,43.23875
0.006984,296.12277,48.01153,10742794, ,5024,2.363,-0.5,17.364,2.539,6.83E-04,2662.143,0.476,DSEP,,1,Simbad,296.12277,48.01153,296.12277,48.01153194,10742794,29.16,1.73,3.92,0.12,5014,273,2.39,0.03,0.99,0.14,98.15,4.64,1,7.58,0,0,296.12277,48.011532
0.003996,298.67899,46.79996,9910430, ,5066,2.956,-0.14,7.87,2.042,0.0059,1348.712,0.552,DSEP,,1,Simbad,298.67899,46.79996,298.67899,46.79996111,9910430,106.65,6.63,8.2,0.16,5066,144,2.95,0.03,2.58,0.31,115.31,3.9,1,3.62,0,0,298.67899,46.799961
0.003996,295.59668,50.44847,12020628, ,5267,2.851,0.21,10.724,2.975,0.0034,678.172,0.343,DSEP,,1,Simbad,295.59668,50.44847,295.59668,50.44847111,12020628,91.05,4.38,6.99,0.17,5267,340,2.89,0.03,3.22,0.4,94.82,4.99,1,4.25,0,0,295.59668,50.448471
0.003996,288.96835,39.797,4645455, ,4865,2.49,-0.32,13.254,1.979,0.0012,2403.731,0.443,DSEP,,1,Simbad,288.96835,39.797,288.96835,39.79700111,4645455,37.43,1.91,4.12,0.14,4980,174,2.5,0.03,1.71,0.2,99.52,7.64,0.99,7.21,0,0,288.96835,39.797001
0,293.46588,43.24482,7612866, ,4993,2.399,0.07,19.695,3.546,6.54E-04,4897.967,0.503,DSEP,,1,Simbad,293.46588,43.24482,293.46588,43.24482,7612866,31.54,1.77,4,0.11,4993,242,2.42,0.03,1.15,0.15,81.96,9.62,0.98,7.43,0,0,293.46588,43.24482
0.003996,293.48361,43.25693,7612916, ,4769,2.344,-0.3,15.713,1.987,7.22E-04,4003.503,0.504,DSEP,,1,Simbad,293.48361,43.25693,293.48361,43.25693111,7612916,28.56,1.87,4,0.6,5083,303,2.38,0.04,0.88,0.29,102.32,5.16,0.99,7.43,0,0,293.48361,43.256931
0.006984,296.41443,50.47962,12022621, ,5000,2.373,0.07,20.375,3.57,5.94E-04,5441.155,0.436,DSEP,,1,Simbad,296.41443,50.47962,296.41443,50.47962194,12022621,30.01,1.89,3.75,0.12,5000,249,2.4,0.03,1.29,0.18,48.4,3.33,1,7.92,0,0,296.41443,50.479622
0.003996,293.4053,42.45173,6953758, ,5038,2.518,-0.5,14.104,2.388,0.0012,5430.857,0.519,DSEP,,1,Simbad,293.4053,42.45173,293.4053,42.45172889,6953758,39.19,1.96,4.26,1.94,5198,282,2.52,0.03,1.83,1.68,119.19,6.02,1,6.97,0,0,293.4053,42.451729
0,285.68982,38.40163,3324186, ,4724,2.41,-0.18,14.17,1.881,9.31E-04,3818.739,0.388,DSEP,,1,Simbad,285.68982,38.40163,285.68982,38.40163,3324186,32.44,2.2,3.91,0.09,4724,110,2.42,0.03,1.26,0.16,51.87,4.32,0.98,7.6,0,0,285.68982,38.40163
0.003996,298.34012,44.37687,8386537, ,4751,2.393,-0.18,15,2.032,8.48E-04,1647.907,0.634,DSEP,,1,Simbad,298.34012,44.37687,298.34012,44.37686889,8386537,30.6,1.65,3.81,0.14,4729,101,2.4,0.03,1.18,0.14,62.12,5.26,0.99,7.8,0,0,298.34012,44.376869
0.011016,298.38388,44.30746,8386719, ,4910,2.747,-0.62,6.364,0.826,0.00451,1780.778,0.646,DSEP,,1,Simbad,298.38388,44.30746,298.38388,44.30745694,8386719,72.93,3.48,7.01,0.19,4910,158,2.78,0.02,1.47,0.16,112.81,5.45,0.99,4.24,0,0,298.38388,44.307457
0.006984,299.01782,44.39823,8389200, ,4833,2.63,0.36,13.991,3.042,0.00156,1301.58,0.618,DSEP,,1,Simbad,299.01782,44.39823,299.01782,44.39823194,8389200,59.56,2.36,4.9,0.15,4802,171,2.69,0.02,3.25,0.33,93.58,3.14,1,6.06,0,0,299.01782,44.398232
0,287.96347,40.21727,5087190, ,4945,2.757,0.21,11.319,2.667,0.00259,2407.189,0.413,DSEP,,1,Simbad,287.96347,40.21727,287.96347,40.21727,5087190,69.75,3.29,6.08,0.13,5102,249,2.77,0.03,2.41,0.27,66.11,9.46,0.99,4.89,0,0,287.96347,40.21727
0.003996,288.98715,41.54535,6196149, ,4637,2.34,-0.08,15.494,1.916,7.26E-04,2494.163,0.417,DSEP,,1,Simbad,288.98715,41.54535,288.98715,41.54534889,6196149,29.64,1.85,3.73,0.11,4984,280,2.39,0.03,1.26,0.18,61.28,3.41,1,7.96,0,0,288.98715,41.545349
0.006984,288.80194,45.68276,9211482, ,5196,2.689,-0.5,11.635,2.411,0.00216,3725.515,0.364,DSEP,,1,Simbad,288.80194,45.68276,288.80194,45.68275806,9211482,55.17,2.64,5.39,0.13,5196,225,2.67,0.03,1.99,0.22,80.28,7.51,1,5.51,0,0,288.80194,45.682758
0.006984,292.89886,40.84804,5623569, ,4623,2.382,0,14.873,1.942,8.32E-04,3565.481,0.541,DSEP,,1,Simbad,292.89886,40.84804,292.89886,40.84804194,5623569,29.65,1.7,3.89,0.12,4787,119,2.39,0.03,1.01,0.12,123.39,6.01,0.99,7.64,0,0,292.89886,40.848042
0.003996,285.36105,48.19852,10783198, ,4836,2.32,-0.5,15.855,1.915,6.77E-04,4314.042,0.3,DSEP,,1,Simbad,285.36105,48.19852,285.36105,48.19852111,10783198,27.08,2.36,3.74,0.12,5079,250,2.36,0.04,0.98,0.17,42.72,3.17,1,7.94,0,0,285.36105,48.198521
0.006984,287.54553,46.80887,9942613, ,5185,2.356,-0.5,19.309,3.084,6.03E-04,8231.89,0.336,DSEP,,1,Simbad,287.54553,46.80887,287.54553,46.80886806,9942613,28.67,1.61,3.78,0.12,5185,322,2.39,0.03,1.15,0.16,48.06,4.27,0.99,7.86,0,0,287.54553,46.808868
0.006984,296.63239,43.84358,8043622, ,5186,2.866,0.07,10.245,2.814,0.00369,3921.823,0.6,DSEP,,1,Simbad,296.63239,43.84358,296.63239,43.84357806,8043622,93.28,17.25,8.21,0.17,5186,226,2.9,0.09,1.78,0.58,54.45,6.91,0.99,3.62,0,0,296.63239,43.843578
0.003996,290.46103,48.16986,10793890, ,5299,2.957,0.07,9.049,2.706,0.00514,751.397,0.33,DSEP,,1,Simbad,290.46103,48.16986,290.46103,48.16986111,10793890,114.41,4.6,8.52,0.25,5364,290,3,0.02,2.98,0.34,125.09,5.3,1,3.49,0,0,290.46103,48.169861
0,289.05795,46.812,9945210, ,5185,2.356,-0.5,19.309,3.084,6.03E-04,6709.249,0.357,DSEP,,1,Simbad,289.05795,46.812,289.05795,46.812,9945210,29.35,1.9,3.77,0.13,5185,317,2.4,0.04,1.25,0.19,38.25,4.05,0.99,7.88,0,0,289.05795,46.812
0.003996,282.38779,44.41603,8411053, ,4905,2.36,-0.66,14.396,1.732,8.18E-04,1676.676,0.291,DSEP,,1,Simbad,282.38779,44.41603,282.38779,44.41603111,8411053,27.63,1.73,3.89,0.14,5015,209,2.36,0.03,0.87,0.12,101.64,4.82,1,7.64,0,0,282.38779,44.416031
0.003996,294.24564,39.72482,4663801, ,5023,2.981,0,7.738,2.091,0.00636,1005.18,0.528,DSEP,,1,Simbad,294.24564,39.72482,294.24564,39.72481889,4663801,66.87,0.53,5.39,0.13,5026,126,2.75,0.01,3.37,0.2,57.16,5.61,1,5.51,0,0,294.24564,39.724819
0.003996,282.46777,43.34521,7661609, ,4477,2.267,0.14,16.657,1.873,5.71E-04,1656.53,0.298,DSEP,,1,Simbad,282.46777,43.34521,282.46777,43.34521111,7661609,23.26,1.13,2.7,0.4,4660,157,2.27,0.02,2.01,0.62,104.56,3.07,1,11,0,0,282.46777,43.345211
0.011016,293.34229,45.63969,9222065, ,5188,2.929,0.07,9.343,2.707,0.00467,726.272,0.372,DSEP,,1,Simbad,293.34229,45.63969,293.34229,45.63968694,9222065,147.8,7.8,12.44,0.24,5172,213,3.1,0.03,1.34,0.15,87.9,3.56,1,2.39,0,0,293.34229,45.639687
0.006984,293.59579,41.50168,6210603, ,5186,2.97,0.07,8.767,2.614,0.00546,672.734,0.388,DSEP,,1,Simbad,293.59579,41.50168,293.59579,41.50167806,6210603,117.29,4.85,8.74,0.21,5186,241,3,0.02,2.75,0.28,98.84,6.68,0.99,3.4,0,0,293.59579,41.501678
0,287.09601,43.37711,7670419, ,4625,2.377,0.1,15.651,2.128,7.82E-04,1711.768,0.36,DSEP,,1,Simbad,287.09601,43.37711,287.09601,43.37711,7670419,30.24,1.76,3.67,0.11,4745,147,2.39,0.03,1.33,0.16,107.4,8.38,1,8.09,0,0,287.09601,43.37711
0.003996,287.62259,43.31944,7671562, ,4718,2.377,0.21,19.478,3.296,6.28E-04,2627.033,0.37,DSEP,,1,Simbad,287.62259,43.31944,287.62259,43.31943889,7671562,29.82,1.73,3.85,0.52,4896,200,2.39,0.03,1.1,0.32,112.75,5.55,1,7.71,0,0,287.62259,43.319439
0.006984,289.39917,44.46937,8424345, ,5330,3.141,0.21,6.943,2.432,0.0102,2298.726,0.388,DSEP,,1,Simbad,289.39917,44.46937,289.39917,44.46937194,8424345,155.34,10.58,11.61,0.42,5330,321,3.13,0.04,2.14,0.34,120,6.21,0.99,2.56,0,0,289.39917,44.469372
0,297.06934,48.12056,10811720, ,5019,2.539,0.07,15.887,3.185,0.00112,2678.328,0.498,DSEP,,1,Simbad,297.06934,48.12056,297.06934,48.12056,10811720,39.31,2.19,4.37,0.13,5019,219,2.52,0.03,1.58,0.2,111.22,5.75,1,6.8,0,0,297.06934,48.12056
0.003996,289.5575,44.46083,8424785, ,4773,2.334,-0.38,15.172,1.811,7.30E-04,3057.271,0.391,DSEP,,1,Simbad,289.5575,44.46083,289.5575,44.46083111,8424785,28.75,1.69,3.83,0.12,4998,229,2.38,0.03,1.04,0.14,65.66,5.96,1,7.75,0,0,289.5575,44.460831
0.003996,296.39633,41.52146,6221548, ,5060,2.987,-0.08,7.637,2.064,0.00653,910.681,0.515,DSEP,,1,Simbad,296.39633,41.52146,296.39633,41.52146111,6221548,110.72,6.4,8.65,0.2,5340,210,2.98,0.03,2.52,0.3,103.78,3.51,0.99,3.43,0,0,296.39633,41.521461
0.003996,297.3714,39.73483,4678610, ,4904,3.179,0.12,5.34,1.572,0.0145,1312.28,0.7,DSEP,,1,Simbad,297.3714,39.73483,297.3714,39.73482889,4678610,178.54,8.41,13.77,0.35,4916,140,3.17,0.02,1.45,0.15,17.25,1.42,0.99,2.16,0,0,297.3714,39.734829
0,294.23804,46.37849,9655101, ,5188,2.929,0.07,9.343,2.707,0.00467,1173.101,0.444,DSEP,,1,Simbad,294.23804,46.37849,294.23804,46.37849,9655101,95.36,6.09,7.92,0.23,5285,292,2.91,0.03,2.26,0.32,114.44,3.82,1,3.75,0,0,294.23804,46.37849
0,287.14819,43.91748,8085964, ,5123,2.878,0.21,10.173,2.851,0.00381,762.56,0.327,DSEP,,1,Simbad,287.14819,43.91748,287.14819,43.91748,8085964,97.22,4.28,7.46,0.17,5073,143,2.91,0.02,2.86,0.27,103.03,5.97,1,3.98,0,0,287.14819,43.91748
0.003996,294.26117,46.38697,9655167, ,5348,2.897,0.07,9.888,2.814,0.0041,1321.629,0.452,DSEP,,1,Simbad,294.26117,46.38697,294.26117,46.38697111,9655167,100.62,9.55,8.04,0.28,5348,225,2.94,0.05,2.54,0.47,105.21,4.35,0.99,3.69,0,0,294.26117,46.386971
0.003996,299.29419,45.62676,9240941, ,5043,2.929,0.07,8.905,2.459,0.0049,1065.912,0.548,DSEP,,1,Simbad,299.29419,45.62676,299.29419,45.62675889,9240941,109.78,4.55,8.34,0.18,4879,118,2.96,0.02,2.48,0.22,125.16,6.27,1,3.56,0,0,299.29419,45.626759
0,294.50238,40.23341,5109088, ,4882,2.638,-0.54,8.012,1.015,0.00278,2033.393,0.623,DSEP,,1,Simbad,294.50238,40.23341,294.50238,40.23341,5109088,52.22,3.52,5.01,0.12,5033,227,2.64,0.03,2.15,0.3,75.95,8.63,1,5.93,0,0,294.50238,40.23341
0,283.99515,40.97485,5685244, ,4777,2.379,-0.52,11.158,1.088,0.0011,1506.81,0.334,DSEP,,1,Simbad,283.99515,40.97485,283.99515,40.97485,5685244,29.75,1.63,3.82,0.12,4777,90,2.39,0.03,1.09,0.13,85.44,2.7,1,7.78,0,0,283.99515,40.97485
0,284.27298,45.72472,9266192, ,5151,2.89,-0.54,7.876,1.754,0.00506,414.663,0.219,DSEP,,1,Simbad,284.27298,45.72472,284.27298,45.72472,9266192,90.4,4.2,6.22,0.19,5157,192,2.89,0.02,4.87,0.54,79.17,4.54,1,4.78,0,0,284.27298,45.72472
0,297.56696,46.83308,9966518, ,4993,2.399,0.07,19.695,3.546,6.54E-04,5319.303,0.544,DSEP,,1,Simbad,297.56696,46.83308,297.56696,46.83308,9966518,31.8,1.9,4,0.56,4993,245,2.42,0.03,1.18,0.36,81.4,7.74,0.99,7.43,0,0,297.56696,46.83308
0,297.67743,46.85054,9966914, ,5614,2.981,0.07,8.654,2.612,0.00568,1895.794,0.545,DSEP,,1,Simbad,297.67743,46.85054,297.67743,46.85054,9966914,110.8,4.9,8.75,0.28,5335,177,2.98,0.02,2.41,0.26,116.74,5.6,1,3.39,0,0,297.67743,46.85054
0,286.05576,40.97353,5689448, ,4920,2.404,0.07,19.13,3.38,6.80E-04,6474.082,0.367,DSEP,,1,Simbad,286.05576,40.97353,286.05576,40.97353,5689448,31.64,1.76,3.91,0.12,4920,224,2.42,0.03,1.25,0.16,64.32,3.41,1,7.6,0,0,286.05576,40.97353
0.006984,285.28616,45.71567,9268083, ,4822,2.545,-0.14,12.639,2.045,0.00143,2866.204,0.315,DSEP,,1,Simbad,285.28616,45.71567,285.28616,45.71567194,9268083,41.77,2.21,4.6,0.17,5031,213,2.54,0.03,1.55,0.2,117.56,6.19,1,6.46,0,0,285.28616,45.715672
0.003996,291.86923,48.25084,10861387, ,5174,3.698,-0.54,2.142,0.834,0.119,311.909,0.18,DSEP,,1,Simbad,291.86923,48.25084,291.86923,48.25083889,10861387,156.65,35.98,13.81,0.36,5174,121,3.13,0.11,1.05,0.42,67.5,5.93,1,2.15,0,0,291.86923,48.250839
0.003996,291.77063,42.56829,7033518, ,4976,2.723,0.07,12.094,2.815,0.00224,3240.376,0.469,DSEP,,1,Simbad,291.77063,42.56829,291.77063,42.56829111,7033518,62.96,3.16,5.91,0.15,5147,239,2.73,0.03,2.01,0.23,134.98,6.38,0.99,5.03,0,0,291.77063,42.568291
0,287.80746,40.96244,5693543, ,5023,2.39,0.07,19.932,3.553,6.32E-04,7091.902,0.4,DSEP,,1,Simbad,287.80746,40.96244,287.80746,40.96244,5693543,29.18,1.87,3.86,1.85,5023,259,2.39,0.03,1.06,1.03,103.75,7.81,1,7.69,0,0,287.80746,40.96244
0,294.10468,48.29285,10866694, ,4739,2.395,0.21,18.525,3.106,6.88E-04,2787.81,0.426,DSEP,,1,Simbad,294.10468,48.29285,294.10468,48.29285,10866694,31.96,1.75,3.93,0.12,4867,192,2.42,0.03,1.24,0.15,111.22,5.27,1,7.56,0,0,294.10468,48.29285
0.006984,297.27606,40.20862,5121605, ,4683,2.424,0.21,16.844,2.748,8.10E-04,1769.009,0.754,DSEP,,1,Simbad,297.27606,40.20862,297.27606,40.20861806,5121605,33.55,1.85,4.06,0.58,4788,125,2.44,0.03,1.23,0.37,145.73,7.22,1,7.32,0,0,297.27606,40.208618
0.006984,294.16199,48.29236,10866844, ,5575,3.422,-0.48,4.045,1.575,0.0335,449.44,0.26,DSEP,,1,Simbad,294.16199,48.29236,294.16199,48.29235806,10866844,91.82,5.3,7.3,0.15,5557,174,2.91,0.03,3.01,0.35,148.76,5.51,1,4.07,0,0,294.16199,48.292358
0.006984,288.37677,40.94816,5695038, ,5025,3.202,-0.28,4.589,1.223,0.0178,2142.892,0.412,DSEP,,1,Simbad,288.37677,40.94816,288.37677,40.94815806,5695038,190,14.7,14.34,0.3,5028,142,3.2,0.04,1.54,0.22,62.11,4.4,0.99,2.07,0,0,288.37677,40.948158
0.003996,290.66614,39.86622,4743066, ,4828,2.361,-0.42,15.232,1.943,7.74E-04,5047.769,0.489,DSEP,,1,Simbad,290.66614,39.86622,290.66614,39.86621889,4743066,28.75,1.77,3.78,0.12,4998,233,2.38,0.03,1.1,0.15,52.6,4.99,1,7.86,0,0,290.66614,39.866219
0.006984,298.02304,43.39142,7703954, ,5018,2.901,0.07,9.208,2.459,0.00444,526.804,0.33,DSEP,,1,Simbad,298.02304,43.39142,298.02304,43.39141806,7703954,70.12,11.13,7.25,0.07,5008,127,2.77,0.08,1.18,0.33,75.02,3.13,1,4.1,0,0,298.02304,43.391418
0.003996,288.84152,44.97202,8746222, ,4816,2.341,-0.42,15.585,1.943,7.23E-04,3661.484,0.372,DSEP,,1,Simbad,288.84152,44.97202,288.84152,44.97201889,8746222,27.33,2.11,3.83,0.64,5141,297,2.37,0.04,0.93,0.34,62.55,4.87,1,7.75,0,0,288.84152,44.972019
0.003996,294.15768,42.57266,7041602, ,4736,2.374,-0.34,13.487,1.569,9.01E-04,2037.562,0.541,DSEP,,1,Simbad,294.15768,42.57266,294.15768,42.57265889,7041602,28.47,1.97,3.75,0.11,4736,98,2.37,0.03,1.01,0.14,79.2,4.2,0.99,7.92,0,0,294.15768,42.572659
0.006984,286.32739,46.90106,10000151, ,5060,3.319,0.04,4.674,1.662,0.0229,2250.154,0.319,DSEP,,1,Simbad,286.32739,46.90106,286.32739,46.90105806,10000151,262.5,14.9,18.3,0.04,5057,176,3.34,0.03,1.55,0.17,108.14,9.12,1,1.62,0,0,286.32739,46.901058
0.003996,294.8494,39.87721,4758020, ,4999,2.876,0.07,9.471,2.459,0.00408,2377.671,0.656,DSEP,,1,Simbad,294.8494,39.87721,294.8494,39.87720889,4758020,92.4,6.37,7.5,0.14,5285,294,2.9,0.04,2.55,0.36,124.25,4.66,1,3.96,0,0,294.8494,39.877209
0,292.39401,40.90519,5707338, ,5038,2.841,0.21,10.623,2.852,0.00335,872.933,0.443,DSEP,,1,Simbad,292.39401,40.90519,292.39401,40.90519,5707338,81.3,3.8,6.49,0.18,4837,158,2.83,0.02,2.72,0.29,60.42,4.3,1,4.58,0,0,292.39401,40.90519
0.003996,292.46057,40.95111,5707560, ,4585,2.412,0.36,16.86,2.676,7.86E-04,2418.654,0.523,DSEP,,1,Simbad,292.46057,40.95111,292.46057,40.95111111,5707560,31.4,1.8,3.79,0.14,4751,151,2.41,0.03,1.31,0.17,133.16,6.48,1,7.84,0,0,292.46057,40.951111
0,294.19592,45.73838,9286851, ,5074,3.132,0.12,6.565,2.129,0.0106,507.472,0.296,DSEP,,1,Simbad,294.19592,45.73838,294.19592,45.73838,9286851,60.34,10.97,6.57,0.2,5109,130,2.71,0.09,1.15,0.37,90.32,7.78,1,4.52,0,0,294.19592,45.73838
0.003996,291.93939,48.34232,10920268, ,5113,2.358,-0.5,18.404,2.815,6.36E-04,5631.447,0.386,DSEP,,1,Simbad,291.93939,48.34232,291.93939,48.34231889,10920268,27.61,1.83,3.89,0.54,5113,265,2.37,0.03,0.9,0.28,79.72,8.99,0.99,7.64,0,0,291.93939,48.342319
0.006984,290.08661,46.9452,10007492, ,4980,3.167,-0.02,5.443,1.589,0.0139,1214.93,0.368,DSEP,,1,Simbad,290.08661,46.9452,290.08661,46.94520194,10007492,178.84,28.4,15.5,0.63,5282,194,3.19,0.08,1.01,0.29,2.64,0.16,0.98,1.92,0,0,290.08661,46.945202
0.006984,290.01352,46.41374,9705929, ,4999,2.361,0.07,20.69,3.579,5.69E-04,8257.107,0.376,DSEP,,1,Simbad,290.01352,46.41374,290.01352,46.41373806,9705929,29.18,1.64,3.67,0.53,4999,265,2.39,0.03,1.29,0.4,60.02,2.89,0.99,8.09,0,0,290.01352,46.413738
0.003996,298.13217,48.31129,10935853, ,5083,2.708,0.07,12.868,3.083,0.00204,1892.971,0.521,DSEP,,1,Simbad,298.13217,48.31129,298.13217,48.31129111,10935853,65.47,2.87,5.76,0.13,5083,170,2.74,0.02,2.46,0.24,62.55,5.65,1,5.16,0,0,298.13217,48.311291
0.006984,298.19485,40.9783,5731004, ,4970,2.802,0.36,11.387,2.996,0.00286,2592.027,0.814,DSEP,,1,Simbad,298.19485,40.9783,298.19485,40.97829806,5731004,74.25,4.22,6.46,0.13,4901,151,2.79,0.03,2.15,0.24,134.06,6.58,0.98,4.6,0,0,298.19485,40.978298
0.006984,288.89529,42.66469,7108646, ,4757,2.37,-0.3,14.666,1.838,8.21E-04,2732.736,0.401,DSEP,,1,Simbad,288.89529,42.66469,288.89529,42.66468806,7108646,30.46,1.78,3.86,0.53,5002,283,2.41,0.03,1.2,0.36,80.28,9.09,1,7.69,0,0,288.89529,42.664688
0.003996,293.8461,40.38874,5194072, ,4822,2.609,-0.38,8.902,1.173,0.00234,1590.954,0.578,DSEP,,1,Simbad,293.8461,40.38874,293.8461,40.38874111,5194072,53.3,3.04,4.89,0.12,4935,252,2.65,0.03,2.45,0.31,79.72,7.14,0.98,6.07,0,0,293.8461,40.388741
0.006984,287.2399,48.48498,10966950, ,4750,2.366,-0.22,15.435,2.017,7.73E-04,3347.627,0.319,DSEP,,1,Simbad,287.2399,48.48498,287.2399,48.48498194,10966950,28.15,1.62,3.69,0.11,5002,267,2.37,0.03,1.13,0.15,49.09,2.77,0.99,8.05,0,0,287.2399,48.484982
0.003996,288.77982,48.40447,10969616, ,4996,2.354,0.07,20.848,3.584,5.57E-04,3241.332,0.338,DSEP,,1,Simbad,288.77982,48.40447,288.77982,48.40446889,10969616,30.64,1.99,3.94,0.11,4996,252,2.41,0.03,1.12,0.16,109.75,6.99,1,7.54,0,0,288.77982,48.404469
0.003996,290.32764,48.49676,10972717, ,5015,2.352,-0.5,18.623,2.841,6.20E-04,4018.683,0.359,DSEP,,1,Simbad,290.32764,48.49676,290.32764,48.49676111,10972717,28.52,2.31,3.94,0.11,5015,254,2.38,0.04,0.91,0.15,106.69,5.63,1,7.54,0,0,290.32764,48.496761
0.003996,292.52603,48.45943,10977040, ,5155,2.619,0.07,15.15,3.481,0.00141,2807.183,0.394,DSEP,,1,Simbad,292.52603,48.45943,292.52603,48.45943111,10977040,53.22,2.39,5.07,0.16,5251,304,2.66,0.03,2.31,0.28,114.31,6.13,1,5.86,0,0,292.52603,48.459431
0.006984,280.78091,47.03713,10053224, ,4694,2.356,-0.1,15.784,2.061,7.38E-04,1887.902,0.263,DSEP,,1,Simbad,280.78091,47.03713,280.78091,47.03712806,10053224,29.08,1.7,3.68,0.13,4861,157,2.38,0.03,1.21,0.16,59.58,4.9,1,8.07,0,0,280.78091,47.037128
0.011016,293.29343,48.42611,10978644, ,4060,1.386,-0.22,33.133,0.974,3.77E-05,1866.129,0.408,DSEP,,1,Simbad,293.29343,48.42611,293.29343,48.42611306,10978644,4.19,0.4,0.68,2.74,4060,105,1.5,0.04,2.37,19.13,165.07,16.33,1,43.68,0,0,293.29343,48.426113
0.003996,294.36237,45.05915,8825444, ,5109,2.833,0.07,10.656,2.814,0.00328,1254.766,0.473,DSEP,,1,Simbad,294.36237,45.05915,294.36237,45.05915111,8825444,83.44,3.8,6.57,0.15,5210,249,2.85,0.03,3.13,0.34,83.69,7.64,1,4.52,0,0,294.36237,45.059151
0,298.4552,40.33812,5215232, ,5000,2.998,0.08,7.638,2.117,0.00669,2409.667,0.869,DSEP,,1,Simbad,298.4552,40.33812,298.4552,40.33812,5215232,123.53,5.49,9.85,0.27,5000,181,3.01,0.02,1.89,0.2,14.24,0.78,0.98,3.02,0,0,298.4552,40.33812
0.003996,287.97449,47.02917,10066275, ,5082,3.049,-0.76,4.461,0.811,0.0129,2067.454,0.339,DSEP,,1,Simbad,287.97449,47.02917,287.97449,47.02917111,10066275,133.5,6.6,11.41,1.26,5017,169,3.05,0.02,1.33,0.32,106.66,11.5,0.99,2.6,0,0,287.97449,47.029171
0.003996,299.28546,45.84629,9364778, ,4961,2.426,0.07,18.621,3.374,7.36E-04,1828.853,0.631,DSEP,,1,Simbad,299.28546,45.84629,299.28546,45.84629111,9364778,35.93,2.68,3.72,0.13,4961,247,2.48,0.04,2.26,0.36,105.15,3.23,1,7.98,0,0,299.28546,45.846291
0.003996,300.2384,45.02451,8845313, ,4842,2.476,-0.68,9.004,0.885,0.00171,1198.981,0.616,DSEP,,1,Simbad,300.2384,45.02451,300.2384,45.02450889,8845313,39.27,2.02,4.38,0.1,4886,141,2.51,0.02,1.5,0.16,74.95,2.69,0.99,6.78,0,0,300.2384,45.024509
0.006984,291.29373,47.05356,10073828, ,4797,2.374,0.21,19.912,3.419,6.10E-04,3232.555,0.39,DSEP,,1,Simbad,291.29373,47.05356,291.29373,47.05355806,10073828,30.66,1.71,3.71,0.5,4889,243,2.4,0.03,1.39,0.41,110.42,5.45,1,8.01,0,0,291.29373,47.053558
0.003996,284.87161,45.13267,8869656, ,4907,2.396,0.07,19.302,3.382,6.62E-04,895.098,0.307,DSEP,,1,Simbad,284.87161,45.13267,284.87161,45.13267111,8869656,29.7,2,3.83,0.13,4907,186,2.39,0.03,1.12,0.16,50.11,4.02,1,7.75,0,0,284.87161,45.132671
0.003996,293.77075,47.01784,10079987, ,4659,2.382,0.02,15.462,2.1,8.00E-04,3737.558,0.439,DSEP,,1,Simbad,293.77075,47.01784,293.77075,47.01784111,10079987,30.25,1.7,3.77,0.13,4891,230,2.4,0.03,1.25,0.17,115.15,5.66,1,7.88,0,0,293.77075,47.017841
0,287.95212,40.45792,5262973, ,4826,2.383,-0.38,14.902,1.957,8.33E-04,3746.197,0.41,DSEP,,1,Simbad,287.95212,40.45792,287.95212,40.45792,5262973,28.84,1.89,3.81,0.13,5038,253,2.38,0.03,1.09,0.16,38.24,4.43,1,7.8,0,0,287.95212,40.45792
0.003996,289.56857,45.11464,8879518, ,4861,2.58,0.21,14.38,2.867,0.00136,1532.29,0.383,DSEP,,1,Simbad,289.56857,45.11464,289.56857,45.11463889,8879518,45.93,2.34,4.7,0.14,5040,257,2.59,0.03,1.89,0.23,117.57,3.12,1,6.32,0,0,289.56857,45.114639
0.003996,288.5658,40.42983,5264655, ,4609,2.396,0.21,16.2,2.379,7.88E-04,3282.757,0.424,DSEP,,1,Simbad,288.5658,40.42983,288.5658,40.42982889,5264655,31.21,1.76,3.81,0.13,4907,227,2.41,0.03,1.32,0.17,74.9,6.9,0.99,7.8,0,0,288.5658,40.429829
0,290.13733,45.15852,8880933, ,5000,2.364,0.07,20.604,3.577,5.76E-04,6656.887,0.393,DSEP,,1,Simbad,290.13733,45.15852,290.13733,45.15852,8880933,28.87,1.89,3.9,0.26,5000,306,2.38,0.04,0.98,0.19,43.93,2.15,0.98,7.62,0,0,290.13733,45.15852
0,288.63324,42.71748,7190400, ,4731,2.373,-0.24,14.701,1.86,8.24E-04,2992.494,0.395,DSEP,,1,Simbad,288.63324,42.71748,288.63324,42.71748,7190400,31.32,1.9,3.79,0.12,4999,293,2.42,0.03,1.4,0.2,64.3,3.13,1,7.84,0,0,288.63324,42.71748
0.003996,289.19507,42.70696,7191945, ,5085,2.653,0.07,14.09,3.258,0.00164,1955.88,0.406,DSEP,,1,Simbad,289.19507,42.70696,289.19507,42.70695889,7191945,58.08,2.69,5.41,0.13,5306,380,2.7,0.03,2.36,0.3,140.76,7.01,1,5.49,0,0,289.19507,42.706959
0.003996,292.19778,42.74401,7201600, ,4788,2.395,-0.5,11.529,1.203,0.00111,2852.833,0.477,DSEP,,1,Simbad,292.19778,42.74401,292.19778,42.74401111,7201600,29.38,2.09,3.86,0.13,5013,273,2.39,0.04,1.08,0.17,37.71,2.89,1,7.69,0,0,292.19778,42.744011
0.003996,293.3508,42.70019,7205397, ,4655,2.389,-0.16,13.242,1.565,9.49E-04,2040.475,0.511,DSEP,,1,Simbad,293.3508,42.70019,293.3508,42.70019111,7205397,29.69,2.11,3.68,0.12,4912,210,2.39,0.03,1.31,0.19,52.6,3.96,0.99,8.07,0,0,293.3508,42.700191
0.006984,295.14169,42.79188,7211802, ,4944,2.546,0.07,15.438,3.058,0.00117,2251.947,0.572,DSEP,,1,Simbad,295.14169,42.79188,295.14169,42.79188194,7211802,37.03,2.88,4.44,0.09,4944,217,2.49,0.04,1.21,0.18,69.42,3.3,0.99,6.69,0,0,295.14169,42.791882
0.006984,295.88477,42.74111,7214916, ,4832,2.902,0.34,8.665,2.183,0.00473,1522.842,0.584,DSEP,,1,Simbad,295.88477,42.74111,295.88477,42.74111194,7214916,99.78,4.17,8,0.26,4868,170,2.92,0.02,2.2,0.23,19.09,1.18,0.99,3.71,0,0,295.88477,42.741112
0,296.49146,42.71645,7217486, ,4919,2.869,0.08,8.865,2.118,0.00428,553.571,0.343,DSEP,,1,Simbad,296.49146,42.71645,296.49146,42.71645,7217486,90.13,3.76,7.16,0.17,4992,115,2.88,0.02,2.62,0.24,118.37,3.77,1,4.15,0,0,296.49146,42.71645