angDist,_RAJ2000,_DEJ2000,KIC,numax,e_numax,Dnu,e_Dnu,DPi1,e_DPi1,q,e_q,eps,e_eps,dnurot,e_dnurot,Simbad,_RA,_DE,_RAJ2000,_DEJ2000,KIC,G16,Teff,log(g),[Fe/H],Rad,Mass,rho,Dist,Av,Mod,Ref,H14,Simbad,_RA,_DE
0.0036,291.05618,36.704041,1026084,45.8,0.57,4.45,0.04,250.58,0.15,0.35,0.04,0.032,0.051,40,10,Simbad,291.05618,36.704041,291.05618,36.70404,1026084, ,5039,2.583,0.07,15.032,3.152,0.00131,2665.61,0.579,DSEP,,1,Simbad,291.05618,36.70404
0.0036,291.11435,36.703339,1026326,94.91,1.18,8.87,0.05,74.55,0.02,0.12,0.02,0.068,0.049,160,12,Simbad,291.11435,36.703339,291.11435,36.70334,1026326, ,5107,2.901,-0.42,7.852,1.791,0.00521,2383.092,0.581,DSEP,,1,Simbad,291.11435,36.70334
0.0036,291.33423,36.786629,1027337,74.15,0.9,6.98,0.04,69.67,0.03,0.12,0.02,-0.057,0.094,240,14,Simbad,291.33423,36.786629,291.33423,36.78663,1027337, ,4673,2.787,0.28,8.8,1.728,0.00357,1367.367,0.562,DSEP,,1,Simbad,291.33423,36.78663
0,291.10892,36.81329,1161618,33.71,0.51,4.08,0.04,329.95,0.16,0.19,0.03,-0.043,0.049,45,11,Simbad,291.10892,36.81329,291.10892,36.81329,1161618, ,4764,2.452,0.07,16.506,2.817,8.82E-04,1157.679,0.531,DSEP,,1,Simbad,291.10892,36.81329
0.0036,291.35999,36.819889,1162746,27.18,0.48,3.81,0.04,279.19,0.12,0.3,0.04,0.02,0.061,65,12,Simbad,291.35999,36.819889,291.35999,36.81989,1162746, ,4992,2.346,-0.5,18.275,2.702,6.23E-04,2424.939,0.589,DSEP,,1,Simbad,291.35999,36.81989
0,291.5134,36.83395,1163453,39.78,0.56,4.43,0.04,301.61,0.25,0.26,0.03,-0.171,0.072,25,7,Simbad,291.5134,36.83395,291.5134,36.83395,1163453, ,5026,2.504,0.07,16.891,3.319,9.70E-04,2836.904,0.596,DSEP,,1,Simbad,291.5134,36.83395
0.0036,291.95126,36.998039,1297272,31.4,0.53,4.18,0.04,321.21,0.23,0.38,0.05,-0.061,0.073,40,10,Simbad,291.95126,36.998039,291.95126,36.99804,1297272, ,4830,2.405,-0.36,14.558,1.965,8.97E-04,5263.808,0.611,DSEP,,1,Simbad,291.95126,36.99804
0,290.87631,37.07666,1430118,159.51,2.03,13.38,0.07,83.06,0.09,0.15,0.02,0.301,0.079,260,20,Simbad,290.87631,37.07666,290.87631,37.07666,1430118, ,5094,3.126,-0.1,6.247,1.902,0.011,2157.178,0.56,DSEP,,1,Simbad,290.87631,37.07666
0,291.10834,37.07449,1430985,122,1.47,10.52,0.05,74.97,0.02,0.15,0.02,0.321,0.036,480,14,Simbad,291.10834,37.07449,291.10834,37.07449,1430985, ,4951,3.004,-0.34,5.344,1.051,0.0097,1472.456,0.555,DSEP,,1,Simbad,291.10834,37.07449
0.0072,291.19125,37.012482,1431316,37.4,0.54,4.3,0.04,322.81,0.29,0.33,0.04,-0.111,0.083,40,10,Simbad,291.19125,37.012482,291.19125,37.01248,1431316, ,5019,2.499,0.07,16.994,3.322,9.53E-04,5000.106,0.576,DSEP,,1,Simbad,291.19125,37.01248
0.0072,291.72574,37.038528,1433803,150.38,1.71,12.22,0.05,79.98,0.05,0.13,0.02,0.274,0.05,370,17,Simbad,291.72574,37.038528,291.72574,37.03853,1433803, ,4763,3.089,0.28,5.833,1.521,0.0108,424.722,0.265,DSEP,,1,Simbad,291.72574,37.03853
0.0036,291.77466,37.095169,1434013,26.05,0.51,4.01,0.04,295.86,0.11,0.2,0.04,-0.177,0.063,50,12,Simbad,291.77466,37.095169,291.77466,37.09517,1434013, ,5196,3.355,-0.22,4.388,1.589,0.0265,1900.037,0.596,DSEP,,1,Simbad,291.77466,37.09517
0.0036,290.62167,37.174599,1569842,134.72,1.62,11.85,0.05,80.54,0.06,0.15,0.02,0.382,0.069,350,17,Simbad,290.62167,37.174599,290.62167,37.1746,1569842, ,4832,3.049,-0.22,4.661,0.889,0.0124,549.933,0.334,DSEP,,1,Simbad,290.62167,37.1746
0.0036,291.0589,37.195309,1571780,47.2,0.57,4.48,0.04,329.54,0.31,0.25,0.03,-0.178,0.064,70,17,Simbad,291.0589,37.195309,291.0589,37.19531,1571780, ,4919,2.584,0.21,14.825,3.078,0.00133,1285.586,0.537,DSEP,,1,Simbad,291.0589,37.19531
0,291.92874,37.15377,1575886,100.84,1.09,8.08,0.04,230.65,0.71,0.25,0.03,-0.063,0.139,80,20,Simbad,291.92874,37.15377,291.92874,37.15377,1575886, ,5008,2.932,-0.04,8.162,2.078,0.00538,1100.816,0.538,DSEP,,1,Simbad,291.92874,37.15377
0,292.04239,37.11235,1576469,90.6,0.98,7.41,0.04,284.8,0.64,0.23,0.03,-0.102,0.096,67,6,Simbad,292.04239,37.11235,292.04239,37.11235,1576469, ,5210,2.845,0.07,10.731,2.938,0.00335,992.616,0.518,DSEP,,1,Simbad,292.04239,37.11235
0.0072,292.08014,37.149448,1576646,85.26,1.01,7.71,0.04,70.52,0.05,0.12,0.02,0.178,0.123,205,16,Simbad,292.08014,37.149448,292.08014,37.14945,1576646, ,4811,2.852,-0.06,7.496,1.457,0.00487,2225.828,0.612,DSEP,,1,Simbad,292.08014,37.14945
0.0036,290.68326,37.219131,1717994,31.18,0.52,4.11,0.04,322.72,0.11,0.22,0.03,-0.026,0.034,,,Simbad,290.68326,37.219131,290.68326,37.21913,1717994, ,4873,2.422,-0.44,14.173,1.935,9.58E-04,5245.1,0.549,DSEP,,1,Simbad,290.68326,37.21913
0.0072,291.03638,37.207062,1719422,136.43,1.61,11.33,0.05,76.98,0.06,0.12,0.02,0.328,0.077,260,17,Simbad,291.03638,37.207062,291.03638,37.20706,1719422, ,4923,3.054,-0.18,5.337,1.177,0.0109,1366.097,0.543,DSEP,,1,Simbad,291.03638,37.20706
0.0072,291.99466,37.276058,1723700,39.42,0.57,4.48,0.04,323.4,0.17,0.24,0.04,0.066,0.043,57,5,Simbad,291.99466,37.276058,291.99466,37.27606,1723700, ,4896,2.53,-0.34,12.623,1.971,0.00138,4457.916,0.605,DSEP,,1,Simbad,291.99466,37.27606
0.0036,292.00571,37.299839,1723752,196.84,2.41,15.03,0.07,83.8,0.11,0.16,0.02,0.296,0.085,590,27,Simbad,292.00571,37.299839,292.00571,37.29984,1723752, ,4960,3.213,-0.1,4.739,1.34,0.0177,978.871,0.511,DSEP,,1,Simbad,292.00571,37.29984
0.0036,292.01883,37.231911,1723843,111,1.27,9.46,0.04,72.84,0.05,0.14,0.02,0.256,0.093,480,18,Simbad,292.01883,37.231911,292.01883,37.23191,1723843, ,4911,2.958,-0.2,6.312,1.318,0.00739,1146.016,0.547,DSEP,,1,Simbad,292.01883,37.23191
0.0036,292.2338,37.273029,1724879,40.03,0.57,4.49,0.04,289.89,0.29,0.24,0.03,-0.025,0.095,15,7,Simbad,292.2338,37.273029,292.2338,37.27303,1724879, ,5019,2.539,0.07,15.887,3.185,0.00112,1549.873,0.598,DSEP,,1,Simbad,292.2338,37.27303
0.0072,292.29404,37.225182,1725190,97.98,1.05,7.87,0.04,216.5,0.43,0.25,0.03,0.081,0.103,60,15,Simbad,292.29404,37.225182,292.29404,37.22518,1725190, ,5043,2.929,0.07,8.905,2.459,0.0049,495.871,0.311,DSEP,,1,Simbad,292.29404,37.22518
0,292.52139,37.29641,1726291,150.1,1.85,12.92,0.06,82.59,0.08,0.15,0.02,0.228,0.088,500,21,Simbad,292.52139,37.29641,292.52139,37.29641,1726291, ,4850,3.079,-0.24,4.497,0.885,0.0137,1089.987,0.549,DSEP,,1,Simbad,292.52139,37.29641
0,290.6611,37.33741,1864959,40.09,0.57,4.5,0.04,307.79,0.37,0.22,0.03,-0.05,0.098,22,7,Simbad,290.6611,37.33741,290.6611,37.33741,1864959, ,4998,2.524,0.07,16.187,3.192,0.00106,663.961,0.386,DSEP,,1,Simbad,290.6611,37.33741
0.0036,290.69693,37.310291,1865102,82.29,1.04,7.96,0.04,73.82,0.05,0.12,0.02,0.113,0.108,90,15,Simbad,290.69693,37.310291,290.69693,37.31029,1865102, ,4857,2.826,-0.12,8.007,1.566,0.0043,2892.923,0.548,DSEP,,1,Simbad,290.69693,37.31029
0.0072,291.33087,37.311192,1867706,105.18,1.17,8.79,0.04,83,0.07,0.15,0.02,0.283,0.099,275,18,Simbad,291.33087,37.311192,291.33087,37.31119,1867706, ,4817,2.932,0.16,7.545,1.775,0.00582,961.17,0.491,DSEP,,1,Simbad,291.33087,37.31119
0.0036,291.41614,37.367279,1868101,31.6,0.48,3.8,0.03,302.49,0.21,0.29,0.03,-0.154,0.077,20,7,Simbad,291.41614,37.367279,291.41614,37.36728,1868101, ,4633,2.371,0.36,18.459,2.921,6.54E-04,2298.381,0.575,DSEP,,1,Simbad,291.41614,37.36728
0.0036,291.88049,37.347481,1870196,190.89,2.33,14.94,0.07,85.04,0.05,0.15,0.02,0.235,0.039,340,16,Simbad,291.88049,37.347481,291.88049,37.34748,1870196, ,4895,3.204,0.1,5.048,1.488,0.0163,1135.373,0.539,DSEP,,1,Simbad,291.88049,37.34748
0,292.43213,37.37471,1872842,40.87,0.56,4.44,0.04,279.94,0.19,0.2,0.03,-0.016,0.062,20,7,Simbad,292.43213,37.37471,292.43213,37.37471,1872842, ,4766,2.524,-0.26,11.211,1.532,0.00153,1350.9,0.586,DSEP,,1,Simbad,292.43213,37.37471
0.0036,286.25024,37.482311,1995859,46,0.61,4.76,0.04,321.22,0.22,0.31,0.03,-0.112,0.048,25,7,Simbad,286.25024,37.482311,286.25024,37.48231,1995859, ,4854,2.585,-0.16,12.055,2.038,0.00164,1238.433,0.406,DSEP,,1,Simbad,286.25024,37.48231
0,286.31207,37.48587,1996078,82.92,1.01,7.8,0.04,71.57,0.03,0.14,0.02,-0.072,0.085,590,17,Simbad,286.31207,37.48587,286.31207,37.48587,1996078, ,4800,2.83,-0.04,7.792,1.497,0.00446,2051.224,0.413,DSEP,,1,Simbad,286.31207,37.48587
0.0036,286.41373,37.427319,1996415,125.8,1.5,10.83,0.05,79.11,0.03,0.14,0.02,0.312,0.04,450,15,Simbad,286.41373,37.427319,286.41373,37.42732,1996415, ,4758,3.017,0.22,6.314,1.513,0.00847,1684.499,0.416,DSEP,,1,Simbad,286.41373,37.42732
0.0036,290.52838,37.445339,2010702,29.31,0.51,4.08,0.04,321.91,0.18,0.25,0.04,-0.224,0.067,20,7,Simbad,290.52838,37.445339,290.52838,37.44534,2010702, ,5148,2.389,-0.5,17.748,2.812,7.08E-04,7102.727,0.538,DSEP,,1,Simbad,290.52838,37.44534
0.0036,290.82483,37.470871,2011891,113.29,1.3,9.79,0.04,76.78,0.03,0.13,0.02,0.235,0.043,280,13,Simbad,290.82483,37.470871,290.82483,37.47087,2011891, ,4713,2.961,0.32,6.969,1.621,0.00674,980.817,0.482,DSEP,,1,Simbad,290.82483,37.47087
0.0036,291.19104,37.494041,2013502,60.58,0.74,5.72,0.04,232.5,0.12,0.25,0.03,-0.102,0.041,25,7,Simbad,291.19104,37.494041,291.19104,37.49404,2013502, ,4932,2.687,0.07,12.22,2.651,0.00205,1886.839,0.56,DSEP,,1,Simbad,291.19104,37.49404
0.0036,291.93814,37.452789,2016676,80.63,0.91,6.89,0.04,256.36,0.28,0.25,0.03,-0.087,0.055,50,12,Simbad,291.93814,37.452789,291.93814,37.45279,2016676, ,4956,2.82,0.07,10.102,2.459,0.00336,1358.185,0.567,DSEP,,1,Simbad,291.93814,37.45279
0,291.94449,37.46106,2016706,38.13,0.55,4.32,0.04,260.91,0.14,0.21,0.03,0.005,0.053,30,7,Simbad,291.94449,37.46106,291.94449,37.46106,2016706, ,4795,2.498,0.07,15.36,2.709,0.00105,1288.123,0.56,DSEP,,1,Simbad,291.94449,37.46106
0.0072,291.98853,37.421928,2016978,75.24,0.94,7.27,0.04,71.24,0.03,0.15,0.02,0.33,0.09,280,14,Simbad,291.98853,37.421928,291.98853,37.42193,2016978, ,4748,2.779,0.07,8.584,1.617,0.0036,2195.518,0.599,DSEP,,1,Simbad,291.98853,37.42193
0.0036,292.3443,37.468941,2018537,182.17,2.14,13.89,0.06,80.76,0.07,0.11,0.02,0.275,0.061,300,19,Simbad,292.3443,37.468941,292.3443,37.46894,2018537, ,4854,3.182,0.28,5.472,1.661,0.0143,1163.456,0.555,DSEP,,1,Simbad,292.3443,37.46894
0.0072,292.35861,37.470638,2018585,86.86,1.1,8.42,0.04,74.56,0.03,0.14,0.02,0.272,0.071,246,13,Simbad,292.35861,37.470638,292.35861,37.47064,2018585, ,5039,2.861,-0.22,8.723,2.013,0.00427,2628.652,0.616,DSEP,,1,Simbad,292.35861,37.47064
0.0072,292.74557,37.450668,2020383,106.33,1.32,9.47,0.06,75.98,0.02,0.12,0.02,0.264,0.041,400,14,Simbad,292.74557,37.450668,292.74557,37.45067,2020383, ,4904,2.933,-0.46,5.201,0.846,0.00847,1713.844,0.623,DSEP,,1,Simbad,292.74557,37.45067
3.519305,292.74557,37.450668,2020383,106.33,1.32,9.47,0.06,75.98,0.02,0.12,0.02,0.264,0.041,400,14,Simbad,292.74557,37.450668,292.74652,37.45129,2020387, ,6078,4.487,-0.16,0.96,1.032,1.64,625.857,0.386,DSEP,,1,Simbad,292.74652,37.45129
0.0036,292.92142,37.486961,2021216,187.32,2.45,14.43,0.08,83.91,0.1,0.14,0.02,0.253,0.074,190,21,Simbad,292.92142,37.486961,292.92142,37.48696,2021216, ,4889,3.186,-0.26,3.964,0.88,0.0199,1211.026,0.58,DSEP,,1,Simbad,292.92142,37.48696
0,285.93475,37.57634,2140446,57.44,0.73,5.7,0.04,61.03,0.02,0.14,0.02,0.049,0.081,,,Simbad,285.93475,37.57634,285.93475,37.57634,2140446, ,4636,2.652,0.3,11.116,2.019,0.00207,1496.093,0.402,DSEP,,1,Simbad,285.93475,37.57634
0.0036,286.11801,37.560169,2140982,34.8,0.52,4.12,0.04,256.16,0.11,0.21,0.03,-0.472,0.048,20,7,Simbad,286.11801,37.560169,286.11801,37.56017,2140982, ,4875,2.456,-0.72,9.675,0.976,0.00152,854.074,0.375,DSEP,,1,Simbad,286.11801,37.56017
0.0072,286.21851,37.520748,2141255,147.9,1.78,12.4,0.06,81.15,0.04,0.15,0.02,0.195,0.046,540,17,Simbad,286.21851,37.520748,286.21851,37.52075,2141255, ,4919,3.084,-0.16,5.278,1.232,0.0118,1318.405,0.407,DSEP,,1,Simbad,286.21851,37.52075
0.0072,286.27277,37.572922,2141436,111.54,1.36,10.08,0.05,77.68,0.04,0.13,0.02,0.233,0.054,330,15,Simbad,286.27277,37.572922,286.27277,37.57292,2141436, ,4951,2.958,-0.14,6.985,1.617,0.00669,2322.901,0.411,DSEP,,1,Simbad,286.27277,37.57292
0,290.71814,37.58593,2156988,29.7,0.49,3.92,0.04,286.48,0.23,0.28,0.04,-0.224,0.094,30,7,Simbad,290.71814,37.58593,290.71814,37.58593,2156988, ,4912,2.391,0.07,19.847,3.535,6.37E-04,4130.741,0.542,DSEP,,1,Simbad,290.71814,37.58593
0.0036,290.86438,37.574959,2157650,139.01,1.61,11.39,0.05,77.54,0.08,0.15,0.02,0.273,0.094,600,24,Simbad,290.86438,37.574959,290.86438,37.57496,2157650, ,4835,3.049,0.22,6.477,1.713,0.00888,1722.867,0.543,DSEP,,1,Simbad,290.86438,37.57496
0,291.44821,37.57177,2160161,45.7,0.6,4.68,0.04,276.86,0.29,0.25,0.03,0.027,0.089,40,10,Simbad,291.44821,37.57177,291.44821,37.57177,2160161, ,4778,2.571,0.21,14.503,2.853,0.00132,2173.87,0.571,DSEP,,1,Simbad,291.44821,37.57177
0.0036,291.53323,37.592781,2160572,31.4,0.5,3.96,0.04,245.27,0.12,0.25,0.03,-0.012,0.067,25,7,Simbad,291.53323,37.592781,291.53323,37.59278,2160572, ,4961,2.426,0.07,18.621,3.374,7.36E-04,1884.498,0.571,DSEP,,1,Simbad,291.53323,37.59278
0,291.60037,37.5732,2160910,117.93,1.43,10.44,0.05,77.33,0.04,0.14,0.02,0.329,0.067,470,16,Simbad,291.60037,37.5732,291.60037,37.5732,2160910, ,4986,2.994,-0.36,5.629,1.141,0.00901,1720.268,0.571,DSEP,,1,Simbad,291.60037,37.5732
0.0072,291.70023,37.562988,2161409,98.74,1.16,8.61,0.05,72.41,0.07,0.12,0.02,0.15,0.148,340,20,Simbad,291.70023,37.562988,291.70023,37.56299,2161409, ,4836,2.902,0.12,7.986,1.856,0.00514,2156.487,0.582,DSEP,,1,Simbad,291.70023,37.56299
0.0072,291.79034,37.521858,2161831,145.67,1.78,12.46,0.06,81.18,0.04,0.16,0.02,0.369,0.043,340,15,Simbad,291.79034,37.521858,291.79034,37.52186,2161831, ,4887,3.073,-0.22,4.802,0.995,0.0127,1263.641,0.551,DSEP,,1,Simbad,291.79034,37.52186
0.0036,292.08023,37.567791,2163121,35.6,0.51,4.02,0.04,330.15,0.47,0.28,0.04,-0.024,0.13,20,7,Simbad,292.08023,37.567791,292.08023,37.56779,2163121, ,4858,2.466,-0.34,13.604,1.971,0.0011,4728.976,0.6,DSEP,,1,Simbad,292.08023,37.56779
0,292.17349,37.59341,2163597,32.6,0.51,4.08,0.04,325.34,0.32,0.27,0.04,0.148,0.103,25,7,Simbad,292.17349,37.59341,292.17349,37.59341,2163597, ,4867,2.424,0.07,18.212,3.208,7.48E-04,4272.305,0.603,DSEP,,1,Simbad,292.17349,37.59341
0.0072,292.17468,37.519058,2163605,34.8,0.54,4.3,0.04,301.97,0.18,0.3,0.04,0.052,0.062,42,10,Simbad,292.17468,37.519058,292.17468,37.51906,2163605, ,5101,2.685,-1.16,6.658,0.782,0.00373,2632.156,0.605,DSEP,,1,Simbad,292.17468,37.51906
0.0072,292.32742,37.588772,2164327,44.7,0.59,4.68,0.04,236.12,0.12,0.22,0.03,0.088,0.052,30,7,Simbad,292.32742,37.588772,292.32742,37.58877,2164327, ,4857,2.557,0.07,14.947,2.94,0.00124,1457.823,0.586,DSEP,,1,Simbad,292.32742,37.58877
0.0072,292.33643,37.570808,2164379,121.51,1.41,10.32,0.05,77.83,0.06,0.14,0.02,0.32,0.088,290,17,Simbad,292.33643,37.570808,292.33643,37.57081,2164379, ,4711,2.991,0.48,7.115,1.81,0.00708,1913.393,0.607,DSEP,,1,Simbad,292.33643,37.57081
0.0072,292.60468,37.512402,2165615,37.29,0.53,4.16,0.04,241.41,0.14,0.25,0.03,-0.049,0.064,60,14,Simbad,292.60468,37.512402,292.60468,37.5124,2165615, ,4991,2.481,-0.64,13.05,1.877,0.00119,3440.785,0.627,DSEP,,1,Simbad,292.60468,37.5124
0.0072,292.85324,37.553452,2166766,45,0.58,4.58,0.04,328.11,0.33,0.25,0.03,-0.264,0.073,35,8,Simbad,292.85324,37.553452,292.85324,37.55345,2166766, ,4935,2.57,-0.38,12.021,1.956,0.00159,2221.234,0.636,DSEP,,1,Simbad,292.85324,37.55345
0.0072,286.22421,37.689732,2283721,79.78,1.01,7.85,0.04,66.37,0.04,0.15,0.02,0.255,0.098,970,26,Simbad,286.22421,37.689732,286.22421,37.68973,2283721, ,4754,2.808,-0.18,6.42,0.967,0.00515,1589.398,0.408,DSEP,,1,Simbad,286.22421,37.68973
0.0072,286.91669,37.679272,2285827,167.99,1.98,13.28,0.06,82.25,0.05,0.12,0.02,0.188,0.045,390,17,Simbad,286.91669,37.679272,286.91669,37.67927,2285827, ,4787,3.133,0.3,5.619,1.564,0.0124,1309.074,0.42,DSEP,,1,Simbad,286.91669,37.67927
0,290.26193,37.62492,2297785,48.1,0.6,4.69,0.04,289.55,0.19,0.24,0.03,-0.104,0.052,22,7,Simbad,290.26193,37.62492,290.26193,37.62492,2297785, ,4954,2.605,0.07,13.887,2.829,0.00149,2056.203,0.523,DSEP,,1,Simbad,290.26193,37.62492
0.0072,290.76385,37.633598,2299926,41.07,0.57,4.47,0.04,304.87,0.3,0.26,0.03,-0.101,0.078,25,7,Simbad,290.76385,37.633598,290.76385,37.6336,2299926, ,5001,2.54,-0.5,12.79,2.071,0.00139,2247.865,0.542,DSEP,,1,Simbad,290.76385,37.6336
0.0036,290.97653,37.676659,2300853,34.8,0.52,4.09,0.04,312.22,0.26,0.28,0.03,0.09,0.082,40,10,Simbad,290.97653,37.676659,290.97653,37.67666,2300853, ,4904,2.46,0.21,17.945,3.389,8.26E-04,5018.596,0.549,DSEP,,1,Simbad,290.97653,37.67666
0.0036,291.15247,37.683521,2301577,35.29,0.54,4.26,0.04,318.26,0.24,0.24,0.03,-0.14,0.07,50,12,Simbad,291.15247,37.683521,291.15247,37.68352,2301577, ,4842,2.468,-0.46,11.954,1.532,0.00126,3421.601,0.556,DSEP,,1,Simbad,291.15247,37.68352
0.0072,291.47693,37.672562,2303101,171.07,2.06,13.79,0.06,84.31,0.02,0.13,0.02,0.285,0.015,620,15,Simbad,291.47693,37.672562,291.47693,37.67256,2303101, ,4936,3.113,0.22,6.501,2,0.0103,1859.132,0.567,DSEP,,1,Simbad,291.47693,37.67256
0.0036,291.53671,37.673389,2303367,34.2,0.51,4.05,0.04,308.7,0.15,0.28,0.03,-0.053,0.047,30,7,Simbad,291.53671,37.673389,291.53671,37.67339,2303367, ,4857,2.421,0.21,18.843,3.41,7.18E-04,1323.156,0.545,DSEP,,1,Simbad,291.53671,37.67339
0,291.9389,37.68824,2305145,107.26,1.17,8.36,0.05,213.27,0.56,0.23,0.03,-0.163,0.125,40,10,Simbad,291.9389,37.68824,291.9389,37.68824,2305145, ,5046,2.946,0.07,8.861,2.531,0.00512,2491.855,0.589,DSEP,,1,Simbad,291.9389,37.68824
0.0072,292.01202,37.697418,2305479,79.08,0.97,7.49,0.04,68.71,0.02,0.14,0.02,-0.182,0.052,350,13,Simbad,292.01202,37.697418,292.01202,37.69742,2305479, ,4644,2.811,0.28,8.151,1.566,0.00407,1565.347,0.578,DSEP,,1,Simbad,292.01202,37.69742
0.0036,292.11899,37.665909,2305992,100.65,1.18,8.94,0.04,74.52,0.05,0.11,0.02,0.204,0.1,600,21,Simbad,292.11899,37.665909,292.11899,37.66591,2305992, ,4766,2.916,0.1,7.053,1.494,0.006,1108.201,0.535,DSEP,,1,Simbad,292.11899,37.66591
0.0072,292.59631,37.695358,2308196,71.79,0.92,7.07,0.04,69.76,0.04,0.13,0.02,0.237,0.143,,,Simbad,292.59631,37.695358,292.59631,37.69536,2308196, ,5075,2.783,-0.42,9.36,1.939,0.00333,3513.976,0.62,DSEP,,1,Simbad,292.59631,37.69536
0.0036,292.89111,37.669991,2309550,48.9,0.64,5.02,0.04,313.07,0.28,0.27,0.03,-0.001,0.063,20,7,Simbad,292.89111,37.669991,292.89111,37.66999,2309550, ,4861,2.604,0.07,13.462,2.657,0.00153,663.934,0.405,DSEP,,1,Simbad,292.89111,37.66999
0.0072,293.02576,37.695808,2310129,51.7,0.65,5.07,0.04,313.35,0.42,0.25,0.03,0.019,0.089,20,7,Simbad,293.02576,37.695808,293.02576,37.69581,2310129, ,4855,2.727,0.21,11.369,2.514,0.00241,1141.477,0.566,DSEP,,1,Simbad,293.02576,37.69581
0.0036,286.05273,37.725319,2422558,110.58,1.27,9.36,0.05,74.38,0.08,0.11,0.02,0.175,0.148,420,22,Simbad,286.05273,37.725319,286.05273,37.72532,2422558, ,4756,2.955,0.32,7.424,1.812,0.00624,1882.999,0.404,DSEP,,1,Simbad,286.05273,37.72532
0.0072,286.84583,37.785252,2424934,33.3,0.49,3.9,0.03,328.41,0.19,0.29,0.03,0.077,0.055,30,7,Simbad,286.84583,37.785252,286.84583,37.78525,2424934, ,4818,2.425,-0.3,14.304,1.987,9.56E-04,1123.148,0.41,DSEP,,1,Simbad,286.84583,37.78525
0.0036,290.14523,37.774971,2436417,27.07,0.43,3.4,0.03,305.6,0.31,0.2,0.03,-0.058,0.133,50,12,Simbad,290.14523,37.774971,290.14523,37.77497,2436417, ,4496,2.324,0.36,17.915,2.465,6.04E-04,6402.52,0.516,DSEP,,1,Simbad,290.14523,37.77497
0,290.14935,37.70715,2436457,103.44,1.29,9.64,0.05,75.98,0.02,0.13,0.02,0.123,0.04,180,12,Simbad,290.14935,37.70715,290.14935,37.70715,2436457, ,5121,2.931,0.07,9.167,2.614,0.00478,2979.993,0.518,DSEP,,1,Simbad,290.14935,37.70715
0.0036,290.21848,37.787571,2437325,93.64,1.17,8.53,0.05,75.16,0.04,0.15,0.03,0.236,0.082,,,Simbad,290.21848,37.787571,290.21848,37.78757,2437325, ,4665,2.715,0.44,10.736,2.179,0.00248,6997.123,0.518,DSEP,,1,Simbad,290.21848,37.78757
0.0036,290.26898,37.781509,2437976,89.37,1.1,8.22,0.05,74.7,1,0.1,0.02,-0.006,0.095,320,30,Simbad,290.26898,37.781509,290.26898,37.78151,2437976, ,4650,2.845,0.44,8.421,1.812,0.00427,5385.288,0.52,DSEP,,1,Simbad,290.26898,37.78151
0.0072,290.27625,37.749908,2438051,30.46,0.46,3.66,0.03,250.31,0.16,0.24,0.03,-0.124,0.087,30,7,Simbad,290.27625,37.749908,290.27625,37.74991,2438051, ,4741,2.387,0.36,20.054,3.575,6.24E-04,7815.065,0.521,DSEP,,1,Simbad,290.27625,37.74991
0.0072,290.30899,37.782742,2438368,85.25,0.93,6.97,0.04,246.32,0.51,0.22,0.03,-0.187,0.106,40,10,Simbad,290.30899,37.782742,290.30899,37.78274,2438368, ,4965,3.041,-0.04,6.549,1.718,0.00862,885.316,0.447,DSEP,,1,Simbad,290.30899,37.78274
0,291.13959,37.70126,2441995,29.5,0.51,4.05,0.04,325.09,0.18,0.41,0.05,-0.023,0.06,60,13,Simbad,291.13959,37.70126,291.13959,37.70126,2441995, ,4758,2.374,-0.38,13.44,1.558,9.04E-04,1662.887,0.549,DSEP,,1,Simbad,291.13959,37.70126
0,291.25491,37.71492,2442483,99.61,1.23,9.3,0.05,76.39,0.06,0.14,0.02,0.26,0.092,300,18,Simbad,291.25491,37.71492,291.25491,37.71492,2442483, ,4740,2.9,-0.1,5.721,0.949,0.00714,1550.716,0.549,DSEP,,1,Simbad,291.25491,37.71492
0.0072,291.57059,37.764648,2443903,66.76,0.9,7.01,0.04,71.1,0.02,0.12,0.02,-0.184,0.078,360,4,Simbad,291.57059,37.764648,291.57059,37.76465,2443903, ,4806,2.725,-0.42,6.638,0.853,0.00411,1014.171,0.501,DSEP,,1,Simbad,291.57059,37.76465
0,292.02408,37.77676,2445947,32.33,0.51,4.06,0.04,290.24,0.21,0.28,0.04,0.086,0.08,30,7,Simbad,292.02408,37.77676,292.02408,37.77676,2445947, ,4964,2.435,-0.5,14.627,2.122,9.55E-04,2972.927,0.591,DSEP,,1,Simbad,292.02408,37.77676
0.0036,292.33276,37.704731,2447476,89.46,1.03,7.9,0.04,70.84,0.03,0.14,0.02,0.394,0.066,300,14,Simbad,292.33276,37.704731,292.33276,37.70473,2447476, ,4727,2.859,0.36,8.766,2.025,0.00423,1945.611,0.603,DSEP,,1,Simbad,292.33276,37.70473
0.0036,292.35822,37.733269,2447604,54.11,0.63,4.94,0.04,294.48,0.34,0.28,0.03,-0.031,0.077,60,15,Simbad,292.35822,37.733269,292.35822,37.73327,2447604, ,4926,2.647,0.21,13.471,2.936,0.00169,1294.96,0.568,DSEP,,1,Simbad,292.35822,37.73327
0.0036,292.59814,37.762241,2448679,38.04,0.54,4.3,0.04,325.45,0.17,0.26,0.03,0.023,0.043,50,12,Simbad,292.59814,37.762241,292.59814,37.76224,2448679, ,4867,2.506,0.07,15.574,2.835,0.00106,2589.5,0.618,DSEP,,1,Simbad,292.59814,37.76224
0.0072,292.68246,37.752392,2449020,67.34,0.78,6.05,0.04,313.05,0.51,0.25,0.03,-0.093,0.083,35,8,Simbad,292.68246,37.752392,292.68246,37.75239,2449020, ,5007,2.842,0.07,10.068,2.566,0.00354,1698.316,0.61,DSEP,,1,Simbad,292.68246,37.75239
0.0036,292.80692,37.764179,2449558,90.75,1.01,7.62,0.04,74.4,0.05,0.12,0.02,0.339,0.111,160,16,Simbad,292.80692,37.764179,292.80692,37.76418,2449558, ,4906,2.868,0.07,9.029,2.191,0.00419,1992.209,0.624,DSEP,,1,Simbad,292.80692,37.76418
0,290.09753,37.82309,2568912,129.3,1.57,11.39,0.05,80.38,0.02,0.15,0.02,0.329,0.027,,,Simbad,290.09753,37.82309,290.09753,37.82309,2568912, ,5002,3.009,-0.2,6.557,1.599,0.00799,1609.073,0.509,DSEP,,1,Simbad,290.09753,37.82309
0.0036,290.25604,37.801441,2570244,105.7,1.3,9.28,0.06,76.67,0.06,0.12,0.02,0.277,0.1,260,18,Simbad,290.25604,37.801441,290.25604,37.80144,2570244, ,4729,2.653,0.07,10.602,1.843,0.00218,7326.243,0.519,DSEP,,1,Simbad,290.25604,37.80144
0.0072,290.52328,37.880268,2571668,187.6,2.52,14.72,0.09,85.05,0.02,0.17,0.02,0.274,0.016,280,12,Simbad,290.52328,37.880268,290.52328,37.88027,2571668, ,5185,3.196,-0.4,5.43,1.686,0.0148,2378.921,0.527,DSEP,,1,Simbad,290.52328,37.88027
0.0072,290.61758,37.873402,2572089,40.2,0.54,4.23,0.04,336.27,0.32,0.24,0.03,-0.051,0.075,30,7,Simbad,290.61758,37.873402,290.61758,37.8734,2572089, ,4866,2.535,0.21,15.726,3.093,0.00112,2434.397,0.531,DSEP,,1,Simbad,290.61758,37.8734
0.0072,290.85715,37.875992,2573092,35.3,0.51,4.08,0.03,294.6,0.16,0.28,0.03,-0.231,0.055,60,13,Simbad,290.85715,37.875992,290.85715,37.87599,2573092, ,4723,2.459,0.07,15.306,2.462,9.67E-04,1932.131,0.538,DSEP,,1,Simbad,290.85715,37.87599
0.0036,291.1066,37.804031,2574191,29.7,0.52,4.09,0.04,328.22,0.34,0.2,0.03,0.059,0.109,30,7,Simbad,291.1066,37.804031,291.1066,37.80403,2574191, ,5023,2.39,0.07,19.932,3.553,6.32E-04,3788.401,0.551,DSEP,,1,Simbad,291.1066,37.80403
0.0036,291.30063,37.855911,2575044,32.4,0.51,4.08,0.04,297.68,0.16,0.32,0.04,-0.026,0.054,20,7,Simbad,291.30063,37.855911,291.30063,37.85591,2575044, ,4818,2.425,-0.3,14.304,1.987,9.56E-04,2847.927,0.558,DSEP,,1,Simbad,291.30063,37.85591
0.0036,292.03244,37.835239,2578581,207.6,2.84,15.99,0.09,86.48,0.2,0.14,0.02,0.209,0.069,280,33,Simbad,292.03244,37.835239,292.03244,37.83524,2578581, ,4999,3.243,-0.08,5.301,1.792,0.0169,1473.92,0.57,DSEP,,1,Simbad,292.03244,37.83524
0.0036,292.26883,37.892941,2579661,138.7,1.57,11.21,0.05,76.34,0.11,0.12,0.02,0.319,0.142,290,24,Simbad,292.26883,37.892941,292.26883,37.89294,2579661, ,5079,3.054,-0.16,6.751,1.882,0.00862,1286.691,0.561,DSEP,,1,Simbad,292.26883,37.89294
0.0036,292.94125,37.889999,2582764,32.5,0.51,4.04,0.04,300.14,0.32,0.2,0.03,-0.057,0.112,25,7,Simbad,292.94125,37.889999,292.94125,37.89,2582764, ,4807,2.407,-0.3,14.608,1.987,8.98E-04,2305.652,0.63,DSEP,,1,Simbad,292.94125,37.89
0.0072,293.08279,37.859348,2583386,72.8,0.83,6.4,0.04,87.38,0.04,0.18,0.02,0.033,0.087,40,10,Simbad,293.08279,37.859348,293.08279,37.85935,2583386, ,4761,2.78,0.36,10.348,2.353,0.00299,1437.895,0.607,DSEP,,1,Simbad,293.08279,37.85935
0.0036,293.14285,37.813591,2583651,34.5,0.5,3.94,0.03,274.44,0.33,0.24,0.03,0.093,0.147,30,7,Simbad,293.14285,37.813591,293.14285,37.81359,2583651, ,4779,2.437,0.36,18.48,3.408,7.61E-04,1454.468,0.612,DSEP,,1,Simbad,293.14285,37.81359
0.0072,293.19281,37.856918,2583884,57,0.71,5.51,0.04,305.57,0.29,0.28,0.03,0.034,0.057,25,7,Simbad,293.19281,37.856918,293.19281,37.85692,2583884, ,4906,2.812,0.02,9.417,2.097,0.00354,787.585,0.463,DSEP,,1,Simbad,293.19281,37.85692
0.0036,293.32153,37.899811,2584478,181.5,2.17,13.96,0.07,81.07,0.09,0.13,0.02,0.864,0.076,258,21,Simbad,293.32153,37.899811,293.32153,37.89981,2584478, ,4877,3.18,0.18,5.36,1.587,0.0145,1251.919,0.591,DSEP,,1,Simbad,293.32153,37.89981
0.0036,293.44296,37.803169,2584997,187,2.24,14.45,0.07,83.49,0.04,0.13,0.02,0.331,0.028,160,14,Simbad,293.44296,37.803169,293.44296,37.80317,2584997, ,4940,3.179,0.04,5.306,1.55,0.0146,954.269,0.528,DSEP,,1,Simbad,293.44296,37.80317
0.0036,293.48367,37.873329,2585190,47.2,0.61,4.74,0.04,331.66,0.59,0.28,0.04,-0.085,0.121,60,15,Simbad,293.48367,37.873329,293.48367,37.87333,2585190, ,5119,2.595,-0.5,12.948,2.407,0.00156,2482.33,0.659,DSEP,,1,Simbad,293.48367,37.87333
0.0036,285.75293,37.986019,2692629,208.4,2.88,16.29,0.09,87.69,0.08,0.15,0.02,0.334,0.05,210,18,Simbad,285.75293,37.986019,285.75293,37.98602,2692629, ,5168,3.245,-0.36,5.146,1.699,0.0176,1619.866,0.394,DSEP,,1,Simbad,285.75293,37.98602
0.0036,286.18661,37.955669,2693967,85.4,0.94,7.05,0.04,230.81,0.43,0.18,0.02,-0.038,0.099,140,27,Simbad,286.18661,37.955669,286.18661,37.95567,2693967, ,5018,2.868,-0.16,8.701,2.035,0.00435,2178.248,0.404,DSEP,,1,Simbad,286.18661,37.95567
0,286.68936,37.90295,2695592,37.6,0.55,4.31,0.04,307.68,0.19,0.33,0.04,-0.202,0.056,60,14,Simbad,286.68936,37.90295,286.68936,37.90295,2695592, ,5173,2.488,-0.5,15.207,2.597,0.00104,3839.158,0.416,DSEP,,1,Simbad,286.68936,37.90295
0.0072,287.0694,37.917858,2696739,193,2.32,15.19,0.06,85.7,0.17,0.15,0.02,0.331,0.127,,,Simbad,287.0694,37.917858,287.0694,37.91786,2696739, ,4913,3.212,-0.3,3.835,0.873,0.0218,728.988,0.362,DSEP,,1,Simbad,287.0694,37.91786
0.0036,287.17505,37.938881,2697082,31.6,0.42,3.33,0.03,300.68,0.24,0.3,0.04,-0.219,0.09,30,7,Simbad,287.17505,37.938881,287.17505,37.93888,2697082, ,4940,2.398,0.07,19.697,3.538,6.52E-04,2234.202,0.427,DSEP,,1,Simbad,287.17505,37.93888
0.0036,287.31821,37.901039,2697501,49.8,0.61,4.82,0.04,302.69,0.22,0.25,0.03,0.066,0.05,25,7,Simbad,287.31821,37.901039,287.31821,37.90104,2697501, ,4832,2.642,0.36,13.75,3.025,0.00164,2283.223,0.431,DSEP,,1,Simbad,287.31821,37.90104
0.0072,290.64941,37.916988,2709625,36.9,0.54,4.31,0.04,284.65,0.22,0.29,0.03,0.013,0.081,30,7,Simbad,290.64941,37.916988,290.64941,37.91699,2709625, ,5047,2.48,-0.5,15,2.478,0.00103,5746.72,0.531,DSEP,,1,Simbad,290.64941,37.91699
0.0072,291.46692,37.917568,2713172,31.3,0.53,4.16,0.04,327.27,0.24,0.23,0.04,-0.482,0.075,30,7,Simbad,291.46692,37.917568,291.46692,37.91757,2713172, ,5213,3.241,-0.18,5.427,1.873,0.0165,2193.143,0.562,DSEP,,1,Simbad,291.46692,37.91757
0.0036,291.5166,37.968079,2713391,36.1,0.52,4.13,0.04,292.61,0.13,0.32,0.04,-0.052,0.049,40,10,Simbad,291.5166,37.968079,291.5166,37.96808,2713391, ,5016,2.468,0.07,17.681,3.347,8.53E-04,6217.212,0.563,DSEP,,1,Simbad,291.5166,37.96808
0.0036,291.62048,37.971481,2713894,35.53,0.51,4.03,0.04,338.41,0.29,0.26,0.04,0.08,0.077,30,7,Simbad,291.62048,37.971481,291.62048,37.97148,2713894, ,5229,2.486,-0.5,15.517,2.688,0.00101,3088.544,0.568,DSEP,,1,Simbad,291.62048,37.97148
0.0036,291.66171,37.979309,2714090,53.2,0.65,5.09,0.04,271.85,0.12,0.27,0.03,-0.006,0.034,30,7,Simbad,291.66171,37.979309,291.66171,37.97931,2714090, ,4848,2.637,0.21,13.051,2.692,0.0017,2489.972,0.569,DSEP,,1,Simbad,291.66171,37.97931
0.0036,291.66562,37.904751,2714108,38.2,0.55,4.36,0.04,295.6,0.22,0.24,0.03,0.317,0.066,30,7,Simbad,291.66562,37.904751,291.66562,37.90475,2714108, ,5134,2.501,-0.5,14.745,2.513,0.0011,3564.165,0.571,DSEP,,1,Simbad,291.66562,37.90475
0.0036,291.72882,37.941681,2714397,33,0.52,4.15,0.04,328.04,0.19,0.3,0.04,-0.271,0.059,50,12,Simbad,291.72882,37.941681,291.72882,37.94168,2714397, ,4964,2.421,-0.66,13.959,1.872,9.70E-04,1229.339,0.536,DSEP,,1,Simbad,291.72882,37.94168
0,292.16891,37.98238,2716376,37.2,0.53,4.2,0.03,299.86,0.37,0.37,0.04,0.047,0.13,30,7,Simbad,292.16891,37.98238,292.16891,37.98238,2716376, ,4912,2.48,0.21,17.509,3.373,8.85E-04,3612.481,0.591,DSEP,,1,Simbad,292.16891,37.98238
0.0036,292.2168,37.900291,2716608,67,0.75,5.74,0.04,316.6,0.54,0.3,0.03,0.014,0.084,38,9,Simbad,292.2168,37.900291,292.2168,37.90029,2716608, ,5059,2.753,0.07,11.571,2.762,0.00251,1096.086,0.531,DSEP,,1,Simbad,292.2168,37.90029
0.0036,292.82144,37.937511,2719382,32.6,0.52,4.09,0.04,301.25,0.39,0.23,0.03,0.04,0.14,23,7,Simbad,292.82144,37.937511,292.82144,37.93751,2719382, ,4961,2.426,0.07,18.621,3.374,7.36E-04,6042.349,0.623,DSEP,,1,Simbad,292.82144,37.93751
0.0036,292.892,37.906631,2719701,141.8,1.79,11.98,0.07,80.96,0.07,0.15,0.02,0.353,0.079,360,19,Simbad,292.892,37.906631,292.892,37.90663,2719701, ,4968,3.063,-0.1,6.51,1.787,0.00912,2309.119,0.627,DSEP,,1,Simbad,292.892,37.90663
0.0072,293.21957,37.932018,2721170,27.1,0.5,3.99,0.04,306.22,0.19,0.33,0.04,0.19,0.078,10,7,Simbad,293.21957,37.932018,293.21957,37.93202,2721170, ,4941,3.115,-0.28,4.613,1.012,0.0145,1446.972,0.611,DSEP,,1,Simbad,293.21957,37.93202
0.0072,286.78738,38.055592,2835067,83,1,7.65,0.04,70.84,0.03,0.12,0.02,0.276,0.089,400,15,Simbad,286.78738,38.055592,286.78738,38.05559,2835067, ,4831,2.831,-0.14,7.522,1.398,0.00463,1828.404,0.416,DSEP,,1,Simbad,286.78738,38.05559
0.0036,286.98465,38.071129,2835657,86.3,1.03,7.86,0.04,69.9,0.03,0.12,0.02,0.105,0.078,395,15,Simbad,286.98465,38.071129,286.98465,38.07113,2835657, ,4868,2.857,-0.14,7.586,1.51,0.00487,2001.588,0.42,DSEP,,1,Simbad,286.98465,38.07113
0,290.08652,38.06002,2846543,29.8,0.53,4.22,0.04,295.17,0.22,0.24,0.04,-0.171,0.09,30,7,Simbad,290.08652,38.06002,290.08652,38.06002,2846543, ,5180,2.403,-0.5,17.458,2.81,7.44E-04,6780.587,0.508,DSEP,,1,Simbad,290.08652,38.06002
0.0072,290.65921,38.095322,2848857,27.4,0.47,3.77,0.04,302.58,0.21,0.35,0.05,-0.289,0.088,10,7,Simbad,290.65921,38.095322,290.65921,38.09532,2848857, ,4931,2.381,-0.5,15.755,2.178,7.85E-04,3871.705,0.527,DSEP,,1,Simbad,290.65921,38.09532
0,291.63174,38.05975,2853354,125.4,1.45,10.35,0.05,76.19,0.07,0.13,0.02,0.333,0.105,410,20,Simbad,291.63174,38.05975,291.63174,38.05975,2853354, ,4988,3.013,0.21,7.709,2.231,0.00686,2971.578,0.566,DSEP,,1,Simbad,291.63174,38.05975
0.0036,292.02515,38.031551,2855150,30.9,0.51,4.07,0.04,319.8,0.17,0.25,0.03,0.018,0.063,30,7,Simbad,292.02515,38.031551,292.02515,38.03155,2855150, ,4972,2.432,0.07,18.487,3.371,7.52E-04,7035.536,0.583,DSEP,,1,Simbad,292.02515,38.03155
0.0036,292.35263,38.062149,2856803,31.9,0.52,4.09,0.04,319.07,0.18,0.33,0.04,-0.283,0.061,30,7,Simbad,292.35263,38.062149,292.35263,38.06215,2856803, ,4981,2.437,0.07,18.374,3.369,7.65E-04,3848.276,0.597,DSEP,,1,Simbad,292.35263,38.06215
0.0036,293.26395,38.062809,2861042,78.6,0.9,6.63,0.05,259.84,0.51,0.22,0.03,0.068,0.098,85,21,Simbad,293.26395,38.062809,293.26395,38.06281,2861042, ,4898,2.812,0.36,10.822,2.771,0.00308,4206.463,0.641,DSEP,,1,Simbad,293.26395,38.06281
0,285.97836,38.19289,2970396,29.9,0.48,3.83,0.04,286.64,0.15,0.25,0.03,-0.21,0.068,30,7,Simbad,285.97836,38.19289,285.97836,38.19289,2970396, ,4691,2.378,-0.06,15.442,2.075,7.94E-04,2387.453,0.396,DSEP,,1,Simbad,285.97836,38.19289
0,286.10056,38.18074,2970784,136.1,1.67,11.76,0.06,79.74,0.07,0.14,0.02,0.303,0.085,560,22,Simbad,286.10056,38.18074,286.10056,38.18074,2970784, ,5196,3.06,-0.3,6.879,1.981,0.00857,2465.228,0.399,DSEP,,1,Simbad,286.10056,38.18074
0,286.30133,38.10817,2971380,77.6,1.03,7.92,0.04,70.84,0.03,0.14,0.02,0.067,0.078,180,13,Simbad,286.30133,38.10817,286.30133,38.10817,2971380, ,5339,2.817,-0.5,10.167,2.476,0.00332,2650.664,0.404,DSEP,,1,Simbad,286.30133,38.10817
0,286.31851,38.10733,2971432,182.5,2.12,13.77,0.06,83.49,0.09,0.14,0.02,0.269,0.074,200,20,Simbad,286.31851,38.10733,286.31851,38.10733,2971432, ,4869,3.181,0.2,5.363,1.592,0.0145,1223.343,0.4,DSEP,,1,Simbad,286.31851,38.10733
0.0072,286.69873,38.163528,2972545,134.2,1.49,10.78,0.05,80.34,0.13,0.12,0.02,0.261,0.126,460,27,Simbad,286.69873,38.163528,286.69873,38.16353,2972545, ,4866,3.051,0.07,6.17,1.56,0.00936,1245.504,0.407,DSEP,,1,Simbad,286.69873,38.16353
0.0072,286.80927,38.110432,2972876,97.18,1.04,7.81,0.04,91.17,0.06,0.14,0.02,0.203,0.072,380,17,Simbad,286.80927,38.110432,286.80927,38.11043,2972876, ,4882,2.912,0.24,8.526,2.164,0.00492,1833.69,0.416,DSEP,,1,Simbad,286.80927,38.11043
0.0072,287.43997,38.170712,2974827,147.4,1.86,12.68,0.07,82.48,0.06,0.16,0.02,0.224,0.06,440,18,Simbad,287.43997,38.170712,287.43997,38.17071,2974827, ,5128,3.091,-0.08,6.775,2.063,0.00934,2691.068,0.43,DSEP,,1,Simbad,287.43997,38.17071
0.0036,289.82294,38.194321,2982965,37.4,0.54,4.29,0.04,316,0.27,0.25,0.03,0.016,0.074,30,7,Simbad,289.82294,38.194321,289.82294,38.19432,2982965, ,4750,2.491,-0.04,13.579,2.081,0.00117,4018.741,0.496,DSEP,,1,Simbad,289.82294,38.19432
0.0072,290.85522,38.153992,2987113,33.6,0.48,3.79,0.03,246.75,0.14,0.26,0.03,-0.059,0.076,30,7,Simbad,290.85522,38.153992,290.85522,38.15399,2987113, ,4598,2.433,0.36,16.446,2.672,8.46E-04,1243.153,0.508,DSEP,,1,Simbad,290.85522,38.15399
0.0036,291.08838,38.107609,2988079,36.5,0.53,4.18,0.04,266.52,0.18,0.25,0.03,0.087,0.075,30,7,Simbad,291.08838,38.107609,291.08838,38.10761,2988079, ,5014,3.046,0.12,7.247,2.13,0.00788,2262.226,0.542,DSEP,,1,Simbad,291.08838,38.10761
0.0036,291.13705,38.131821,2988295,211.3,2.7,16.85,0.07,88.85,0.11,0.16,0.02,0.283,0.069,170,21,Simbad,291.13705,38.131821,291.13705,38.13182,2988295, ,4915,3.254,-0.08,4.108,1.104,0.0224,735.208,0.413,DSEP,,1,Simbad,291.13705,38.13182
0,291.20786,38.125,2988638,94.1,0.99,7.42,0.04,232.42,0.51,0.21,0.02,-0.005,0.106,50,12,Simbad,291.20786,38.125,291.20786,38.125,2988638, ,5123,2.878,0.21,10.173,2.851,0.00381,1976.407,0.546,DSEP,,1,Simbad,291.20786,38.125
0.0036,292.00391,38.162369,2992250,40.9,0.56,4.46,0.04,245.61,0.18,0.24,0.03,-0.167,0.075,30,7,Simbad,292.00391,38.162369,292.00391,38.16237,2992250, ,5166,2.54,-0.5,14.072,2.504,0.00126,1834.555,0.574,DSEP,,1,Simbad,292.00391,38.16237
0.0036,292.02216,38.104099,2992350,45.9,0.6,4.72,0.04,242.77,0.16,0.31,0.03,-0.038,0.064,35,8,Simbad,292.02216,38.104099,292.02216,38.1041,2992350, ,4860,2.583,-0.18,12.064,2.03,0.00163,667.806,0.396,DSEP,,1,Simbad,292.02216,38.1041
0.0036,292.06616,38.153419,2992573,43.1,0.58,4.54,0.04,286.96,0.17,0.32,0.04,-0.073,0.049,30,7,Simbad,292.06616,38.153419,292.06616,38.15342,2992573, ,5036,2.558,0.07,15.519,3.172,0.0012,2500.397,0.581,DSEP,,1,Simbad,292.06616,38.15342
0.0072,292.81659,38.154678,2996019,31.5,0.49,3.87,0.03,313.85,0.15,0.37,0.04,-0.151,0.052,10,7,Simbad,292.81659,38.154678,292.81659,38.15468,2996019, ,4688,2.419,0.21,17.318,2.868,7.78E-04,2377.484,0.615,DSEP,,1,Simbad,292.81659,38.15468
0,292.83652,38.17305,2996112,31.2,0.49,3.92,0.04,323.75,0.26,0.35,0.04,-0.032,0.084,60,15,Simbad,292.83652,38.17305,292.83652,38.17305,2996112, ,4934,2.412,0.07,18.948,3.379,7.00E-04,2539.311,0.616,DSEP,,1,Simbad,292.83652,38.17305
0.0036,293.35071,38.143711,2998532,105,1.24,9.36,0.04,75.11,0.04,0.12,0.02,0.199,0.073,280,15,Simbad,293.35071,38.143711,293.35071,38.14371,2998532, ,4812,2.935,0.1,7.195,1.623,0.00614,1492.457,0.614,DSEP,,1,Simbad,293.35071,38.14371
0.0036,294.29953,38.114521,3003053,86.3,1.07,8.09,0.05,72.44,0.05,0.12,0.02,0.2,0.127,220,16,Simbad,294.29953,38.114521,294.29953,38.11452,3003053, ,5210,2.845,0.07,10.731,2.938,0.00335,3753.243,0.698,DSEP,,1,Simbad,294.29953,38.11452
0.0036,285.42493,38.271889,3096636,153.3,1.94,12.78,0.07,81.78,0.07,0.17,0.02,0.296,0.068,220,18,Simbad,285.42493,38.271889,285.42493,38.27189,3096636, ,5151,3.117,-0.24,6.227,1.852,0.0108,2197.653,0.384,DSEP,,1,Simbad,285.42493,38.27189
0.0036,285.6254,38.235111,3097183,75.4,0.91,6.96,0.04,70.82,0.03,0.13,0.02,0.198,0.089,160,13,Simbad,285.6254,38.235111,285.6254,38.23511,3097183, ,4921,2.781,-0.24,8.674,1.659,0.00358,2756.915,0.389,DSEP,,1,Simbad,285.6254,38.23511
0.0072,285.63022,38.222118,3097194,30.5,0.5,3.97,0.04,330.68,0.26,0.32,0.05,-0.027,0.077,20,7,Simbad,285.63022,38.222118,285.63022,38.22212,3097194, ,5007,2.658,-0.6,9.479,1.493,0.00247,2169.048,0.389,DSEP,,1,Simbad,285.63022,38.22212
0.0036,285.87085,38.279881,3097819,161.1,1.88,12.7,0.06,81.55,0.08,0.12,0.02,0.203,0.074,270,20,Simbad,285.87085,38.279881,285.87085,38.27988,3097819, ,4797,3.115,0.56,6.517,2.017,0.0103,1923.56,0.393,DSEP,,1,Simbad,285.87085,38.27988
0.0072,285.95618,38.211578,3098045,34.3,0.52,4.15,0.04,280.36,0.14,0.26,0.03,0.256,0.057,25,7,Simbad,285.95618,38.211578,285.95618,38.21158,3098045, ,4847,2.446,-0.34,13.912,1.972,0.00103,2148.597,0.396,DSEP,,1,Simbad,285.95618,38.21158
0.0036,285.99918,38.254219,3098179,137.8,1.66,11.99,0.05,80.88,0.02,0.13,0.02,0.216,0.024,320,12,Simbad,285.99918,38.254219,285.99918,38.25422,3098179, ,4813,3.053,-0.16,4.719,0.918,0.0123,917.646,0.375,DSEP,,1,Simbad,285.99918,38.25422
0.0036,286.62668,38.259991,3099949,33.1,0.52,4.11,0.04,328.01,0.24,0.38,0.04,0.022,0.075,30,7,Simbad,286.62668,38.259991,286.62668,38.25999,3099949, ,4847,2.446,-0.34,13.912,1.972,0.00103,2284.303,0.41,DSEP,,1,Simbad,286.62668,38.25999
0.0036,286.66202,38.234459,3100053,30.3,0.5,3.94,0.04,316.03,0.19,0.31,0.04,0.022,0.066,30,7,Simbad,286.66202,38.234459,286.66202,38.23446,3100053, ,4734,2.368,-0.18,15.451,2.032,7.76E-04,2593.873,0.411,DSEP,,1,Simbad,286.66202,38.23446
0.0036,286.6976,38.286949,3100164,90.98,1.14,8.61,0.05,74.15,0.03,0.12,0.02,0.005,0.074,250,14,Simbad,286.6976,38.286949,286.6976,38.28695,3100164, ,5122,2.886,0.07,9.828,2.707,0.00402,3847.181,0.411,DSEP,,1,Simbad,286.6976,38.28695
0.0072,287.01556,38.269192,3101090,31.4,0.49,3.88,0.03,322.56,0.11,0.34,0.04,-0.028,0.034,30,7,Simbad,287.01556,38.269192,287.01556,38.26919,3101090, ,4707,2.404,-0.06,14.976,2.075,8.70E-04,1775.992,0.418,DSEP,,1,Simbad,287.01556,38.26919
0.0072,287.28546,38.216648,3101815,34,0.52,4.15,0.04,332.34,0.31,0.24,0.03,-0.224,0.092,30,7,Simbad,287.28546,38.216648,287.28546,38.21665,3101815, ,5013,2.461,0.07,17.83,3.353,8.33E-04,3928.072,0.425,DSEP,,1,Simbad,287.28546,38.21665
0.0036,287.51367,38.297771,3102479,38.3,0.54,4.27,0.04,316.08,0.21,0.26,0.03,-0.155,0.057,30,7,Simbad,287.51367,38.297771,287.51367,38.29777,3102479, ,4729,2.493,0.21,15.567,2.748,0.00103,2232.796,0.43,DSEP,,1,Simbad,287.51367,38.29777
0.0036,289.7272,38.216679,3109742,101.5,1.23,9.16,0.05,71.92,0.06,0.14,0.02,0.368,0.112,230,18,Simbad,289.7272,38.216679,289.7272,38.21668,3109742, ,5038,2.919,-0.24,7.825,1.854,0.00545,2965.054,0.493,DSEP,,1,Simbad,289.7272,38.21668
0,289.8093,38.23576,3110056,35.2,0.52,4.16,0.04,277.3,0.23,0.32,0.04,-0.108,0.085,30,7,Simbad,289.8093,38.23576,289.8093,38.23576,3110056, ,4758,2.462,-0.1,13.956,2.06,0.00107,3146.328,0.495,DSEP,,1,Simbad,289.8093,38.23576
0.0036,290.00571,38.281811,3110846,31.3,0.51,4.01,0.04,293.88,0.3,0.24,0.03,-0.253,0.12,30,7,Simbad,290.00571,38.281811,290.00571,38.28181,3110846, ,4796,2.429,-0.24,14.325,2.009,9.63E-04,4468.409,0.501,DSEP,,1,Simbad,290.00571,38.28181
0.0036,290.15897,38.207401,3111456,199.8,2.69,15.58,0.09,86.68,0.07,0.17,0.02,0.283,0.05,320,18,Simbad,290.15897,38.207401,290.15897,38.2074,3111456, ,5069,3.23,-0.1,5.124,1.626,0.017,1793.903,0.506,DSEP,,1,Simbad,290.15897,38.2074
0.0072,290.26022,38.215038,3111831,123.2,1.43,10.41,0.05,78.51,0.06,0.13,0.02,0.252,0.088,380,18,Simbad,290.26022,38.215038,290.26022,38.21504,3111831, ,4727,2.991,0.36,6.842,1.673,0.00736,1955.519,0.51,DSEP,,1,Simbad,290.26022,38.21504
0.0036,290.41559,38.247711,3112405,33.8,0.49,3.87,0.03,249.87,0.19,0.26,0.03,-0.053,0.107,40,10,Simbad,290.41559,38.247711,290.41559,38.24771,3112405, ,4742,2.42,-0.12,14.632,2.054,9.23E-04,3129.235,0.515,DSEP,,1,Simbad,290.41559,38.24771
0.0036,290.73346,38.267811,3113648,86.97,1.05,8.1,0.04,73.95,0.05,0.12,0.02,-0.089,0.108,880,26,Simbad,290.73346,38.267811,290.73346,38.26781,3113648, ,4663,2.845,0.22,7.553,1.455,0.00476,1708.33,0.522,DSEP,,1,Simbad,290.73346,38.26781
0.0036,290.77734,38.242119,3113811,43.7,0.59,4.62,0.04,298.4,0.21,0.32,0.04,-0.001,0.055,60,15,Simbad,290.77734,38.242119,290.77734,38.24212,3113811, ,4865,2.561,-0.22,12.318,2.015,0.00152,3774.462,0.528,DSEP,,1,Simbad,290.77734,38.24212
0.0036,291.14551,38.231361,3115292,150.6,1.79,12.35,0.06,80.46,0.1,0.13,0.02,0.282,0.11,320,22,Simbad,291.14551,38.231361,291.14551,38.23136,3115292, ,5028,3.097,0.16,6.857,2.142,0.00936,2408.244,0.542,DSEP,,1,Simbad,291.14551,38.23136
0.0036,291.46985,38.235439,3116604,90.7,1.03,7.67,0.04,253.8,0.18,0.22,0.03,-0.111,0.032,30,7,Simbad,291.46985,38.235439,291.46985,38.23544,3116604, ,4970,2.868,0.21,9.675,2.521,0.00392,2828.11,0.554,DSEP,,1,Simbad,291.46985,38.23544
0.0036,291.52167,38.272129,3116848,34.7,0.52,4.11,0.04,289.88,0.21,0.32,0.04,-0.12,0.075,35,8,Simbad,291.52167,38.272129,291.52167,38.27213,3116848, ,4894,2.449,0.21,18.212,3.397,7.92E-04,2727.935,0.555,DSEP,,1,Simbad,291.52167,38.27213
0.0036,291.56226,38.252659,3117024,36.7,0.51,4.03,0.03,256.53,0.15,0.23,0.03,-0.009,0.068,30,7,Simbad,291.56226,38.252659,291.56226,38.25266,3117024, ,4785,2.448,0.36,18.231,3.4,7.90E-04,3937.582,0.558,DSEP,,1,Simbad,291.56226,38.25266
0,292.10858,38.23032,3119526,38.6,0.55,4.31,0.04,261.43,0.18,0.26,0.03,-0.039,0.08,20,7,Simbad,292.10858,38.23032,292.10858,38.23032,3119526, ,4813,2.501,-0.18,13.257,2.031,0.00123,2198.819,0.58,DSEP,,1,Simbad,292.10858,38.23032
0,292.11465,38.28484,3119555,84,1,7.7,0.04,70.49,0.05,0.12,0.02,0.227,0.119,220,16,Simbad,292.11465,38.28484,292.11465,38.28484,3119555, ,4774,2.848,0.18,8.541,1.874,0.00424,1426.201,0.559,DSEP,,1,Simbad,292.11465,38.28484
0.0072,292.21338,38.224522,3120004,31.8,0.52,4.09,0.04,301.12,0.18,0.26,0.04,0.09,0.066,30,7,Simbad,292.21338,38.224522,292.21338,38.22452,3120004, ,5081,2.53,-0.5,14.165,2.477,0.00123,2040.226,0.584,DSEP,,1,Simbad,292.21338,38.22452
0.0036,292.33932,38.247421,3120550,61.2,0.83,6.5,0.04,66.3,0.03,0.13,0.02,0.323,0.14,20,7,Simbad,292.33932,38.247421,292.33932,38.24742,3120550, ,4971,2.697,-0.42,9.642,1.686,0.00265,3769.874,0.591,DSEP,,1,Simbad,292.33932,38.24742
0.0036,292.73111,38.251049,3122185,97.4,1.08,7.86,0.05,223.57,0.6,0.22,0.03,-0.016,0.128,90,22,Simbad,292.73111,38.251049,292.73111,38.25105,3122185, ,5029,2.909,0.21,9.476,2.653,0.00439,1165.897,0.55,DSEP,,1,Simbad,292.73111,38.25105
0.0072,292.81158,38.216702,3122548,35.3,0.53,4.18,0.04,285.56,0.27,0.24,0.03,-0.265,0.097,30,7,Simbad,292.81158,38.216702,292.81158,38.2167,3122548, ,4972,2.432,0.07,18.487,3.371,7.52E-04,4078.971,0.613,DSEP,,1,Simbad,292.81158,38.2167
0,292.97443,38.27663,3123206,32.9,0.51,4.03,0.04,289.4,0.25,0.24,0.03,0.113,0.106,30,7,Simbad,292.97443,38.27663,292.97443,38.27663,3123206, ,4954,2.417,-0.5,15.327,2.24,8.76E-04,1886.131,0.613,DSEP,,1,Simbad,292.97443,38.27663
0.0036,293.07498,38.221371,3123653,97.3,1.21,9.16,0.04,74.78,0.06,0.12,0.02,0.247,0.11,310,18,Simbad,293.07498,38.221371,293.07498,38.22137,3123653, ,4894,2.914,-0.38,5.599,0.938,0.00753,1501.134,0.602,DSEP,,1,Simbad,293.07498,38.22137
0.0072,294.00107,38.202728,3127825,38.8,0.56,4.45,0.04,303.87,0.15,0.34,0.04,-0.039,0.045,40,10,Simbad,294.00107,38.202728,294.00107,38.20273,3127825, ,5028,2.511,0.07,16.74,3.312,9.94E-04,1674.915,0.655,DSEP,,1,Simbad,294.00107,38.20273
0.0036,294.22226,38.214031,3128866,80.4,0.89,6.75,0.04,279.19,0.26,0.23,0.03,-0.136,0.042,90,17,Simbad,294.22226,38.214031,294.22226,38.21403,3128866, ,4905,2.815,0.36,10.988,2.874,0.00305,2372.988,0.687,DSEP,,1,Simbad,294.22226,38.21403
0.0036,294.31937,38.251461,3129312,150.2,1.81,12.69,0.06,82.5,0.11,0.14,0.02,0.336,0.113,290,23,Simbad,294.31937,38.251461,294.31937,38.25146,3129312, ,4781,3.092,0.06,4.926,1.096,0.0129,1252.838,0.616,DSEP,,1,Simbad,294.31937,38.25146
0.0072,285.17651,38.370022,3215565,31,0.51,4.04,0.04,334.02,0.28,0.34,0.04,-0.165,0.087,30,7,Simbad,285.17651,38.370022,285.17651,38.37002,3215565, ,4788,2.43,-0.22,14.33,2.017,9.65E-04,3121.627,0.378,DSEP,,1,Simbad,285.17651,38.37002
0.0036,285.29956,38.359791,3215869,70.23,0.85,6.57,0.04,68.71,0.02,0.12,0.02,0.262,0.082,200,12,Simbad,285.29956,38.359791,285.29956,38.35979,3215869, ,4934,2.769,-0.1,9.803,2.058,0.00308,2950.513,0.381,DSEP,,1,Simbad,285.29956,38.35979
0.0036,285.47757,38.322189,3216334,117.9,1.41,9.93,0.06,75.43,0.07,0.11,0.02,0.381,0.114,300,20,Simbad,285.47757,38.322189,285.47757,38.32219,3216334, ,5296,3.004,0.07,8.426,2.613,0.00615,3286.184,0.385,DSEP,,1,Simbad,285.47757,38.32219
0.0036,285.77106,38.336449,3217051,36.2,0.53,4.21,0.03,314.93,0.23,0.28,0.03,-0.144,0.07,45,11,Simbad,285.77106,38.336449,285.77106,38.33645,3217051, ,4719,2.462,0.36,17.173,3.117,8.67E-04,1995.454,0.39,DSEP,,1,Simbad,285.77106,38.33645
0.0036,286.26172,38.390289,3218312,78.4,0.97,7.47,0.04,70.89,0.02,0.12,0.02,-0.052,0.062,530,15,Simbad,286.26172,38.390289,286.26172,38.39029,3218312, ,4742,2.821,0.1,8.071,1.572,0.00421,1884.827,0.4,DSEP,,1,Simbad,286.26172,38.39029
0.0072,287.30344,38.360882,3221086,84.8,1.03,7.9,0.04,72.84,0.03,0.12,0.02,0.193,0.065,,,Simbad,287.30344,38.360882,287.30344,38.36088,3221086, ,4780,2.844,-0.02,7.496,1.43,0.00478,1731.219,0.424,DSEP,,1,Simbad,287.30344,38.36088
0.0036,287.73642,38.355309,3222326,22.4,0.42,3.38,0.03,318.5,0.19,0.23,0.03,0.196,0.086,30,7,Simbad,287.73642,38.355309,287.73642,38.35531,3222326, ,4837,2.273,0.07,23.017,3.618,4.18E-04,8354.124,0.434,DSEP,,1,Simbad,287.73642,38.35531
0.0036,287.87769,38.396751,3222740,76.3,0.9,6.95,0.04,70.01,0.04,0.12,0.02,0.038,0.11,380,16,Simbad,287.87769,38.396751,287.87769,38.39675,3222740, ,4855,2.805,0.02,9.135,1.944,0.00359,2466.34,0.437,DSEP,,1,Simbad,287.87769,38.39675
0,287.90524,38.38903,3222834,170.1,2.03,13.96,0.06,84.4,0.16,0.13,0.02,0.334,0.142,410,29,Simbad,287.90524,38.38903,287.90524,38.38903,3222834, ,4879,3.124,-0.06,4.922,1.175,0.0139,882.042,0.399,DSEP,,1,Simbad,287.90524,38.38903
0.0036,290.46152,38.341969,3231503,42.8,0.54,4.27,0.03,224.4,0.19,0.25,0.03,-0.073,0.095,65,16,Simbad,290.46152,38.341969,290.46152,38.34197,3231503, ,4914,2.522,0.21,16.297,3.222,0.00105,1449.403,0.505,DSEP,,1,Simbad,290.46152,38.34197
0.0072,290.84784,38.344158,3232810,32.2,0.5,3.95,0.04,268.21,0.16,0.25,0.03,-0.343,0.077,20,7,Simbad,290.84784,38.344158,290.84784,38.34416,3232810, ,4943,2.99,0.06,7.406,1.956,0.00678,1696.978,0.524,DSEP,,1,Simbad,290.84784,38.34416
0,290.849,38.34948,3232813,33,0.51,4.01,0.03,262.67,0.18,0.26,0.03,0.029,0.08,30,7,Simbad,290.849,38.34948,290.849,38.34948,3232813, ,4812,2.429,0.07,17.344,2.944,7.95E-04,4125.074,0.528,DSEP,,1,Simbad,290.849,38.34948
0.0036,290.85538,38.362949,3232838,36.7,0.53,4.16,0.03,247.14,0.14,0.26,0.03,-0.022,0.067,40,10,Simbad,290.85538,38.362949,290.85538,38.36295,3232838, ,4748,2.49,0.21,15.325,2.647,0.00104,2382.877,0.528,DSEP,,1,Simbad,290.85538,38.36295
0.0036,291.28986,38.374039,3234396,31.3,0.51,4.02,0.04,261.73,0.16,0.25,0.03,0.005,0.073,30,7,Simbad,291.28986,38.374039,291.28986,38.37404,3234396, ,5023,2.419,-0.5,16.431,2.584,8.20E-04,1665.6,0.538,DSEP,,1,Simbad,291.28986,38.37404
0,291.35678,38.30257,3234655,40,0.57,4.51,0.04,286.61,0.14,0.26,0.04,-0.024,0.042,30,7,Simbad,291.35678,38.30257,291.35678,38.30257,3234655, ,4902,2.554,-0.32,12.3,1.978,0.0015,2996.066,0.548,DSEP,,1,Simbad,291.35678,38.30257
0.0072,291.36987,38.357552,3234703,81,0.9,6.82,0.04,262.65,0.45,0.23,0.03,-0.029,0.087,70,17,Simbad,291.36987,38.357552,291.36987,38.35755,3234703, ,5033,2.849,0.07,10.078,2.614,0.0036,951.106,0.475,DSEP,,1,Simbad,291.36987,38.35755
0.0036,291.50021,38.342659,3235216,39.5,0.53,4.19,0.04,274.69,0.3,0.28,0.04,-0.134,0.11,20,7,Simbad,291.50021,38.342659,291.50021,38.34266,3235216, ,5028,2.511,0.07,16.74,3.312,9.94E-04,5383.545,0.553,DSEP,,1,Simbad,291.50021,38.34266
0.0036,291.59375,38.382759,3235616,103.4,1.13,8.38,0.04,212.16,0.6,0.21,0.02,-0.08,0.144,80,20,Simbad,291.59375,38.382759,291.59375,38.38276,3235616, ,5026,2.946,0.07,8.523,2.336,0.00531,1207.708,0.521,DSEP,,1,Simbad,291.59375,38.38276
0,291.71103,38.35001,3236108,38.9,0.55,4.35,0.04,319,0.18,0.24,0.03,-0.267,0.047,50,12,Simbad,291.71103,38.35001,291.71103,38.35001,3236108, ,4797,2.502,-0.22,12.681,1.866,0.00129,3318.294,0.561,DSEP,,1,Simbad,291.71103,38.35001
0.0036,292.40024,38.380711,3238859,50.3,0.65,5.07,0.04,241.66,0.21,0.29,0.03,0.003,0.077,30,7,Simbad,292.40024,38.380711,292.40024,38.38071,3238859, ,4880,2.625,0.07,13.077,2.631,0.00166,1708.011,0.581,DSEP,,1,Simbad,292.40024,38.38071
0.0072,293.0257,38.309608,3241374,37.6,0.53,4.17,0.03,251.35,0.16,0.3,0.03,-0.029,0.074,30,7,Simbad,293.0257,38.309608,293.0257,38.30961,3241374, ,4835,2.495,0.07,15.515,2.743,0.00103,1131.386,0.552,DSEP,,1,Simbad,293.0257,38.30961
0.0036,293.14822,38.378471,3241822,38.4,0.55,4.36,0.04,282,0.19,0.33,0.04,-0.094,0.066,30,7,Simbad,293.14822,38.378471,293.14822,38.37847,3241822, ,4746,2.507,0.07,14.301,2.397,0.00115,1609.581,0.607,DSEP,,1,Simbad,293.14822,38.37847
0.0072,294.00198,38.340672,3245449,205.6,2.72,14.96,0.09,81.91,0.12,0.13,0.02,0.307,0.091,250,24,Simbad,294.00198,38.340672,294.00198,38.34067,3245449, ,4830,3.222,0.26,4.995,1.516,0.0171,1245.967,0.602,DSEP,,1,Simbad,294.00198,38.34067
0,294.40665,38.35107,3247146,65.6,0.86,6.69,0.04,69.53,0.03,0.12,0.02,0.202,0.106,430,16,Simbad,294.40665,38.35107,294.40665,38.35107,3247146, ,5008,2.74,-0.4,9.474,1.799,0.00298,2830.229,0.694,DSEP,,1,Simbad,294.40665,38.35107
0.0036,294.48917,38.331039,3247531,38.2,0.54,4.25,0.04,297.8,0.2,0.34,0.04,-0.213,0.067,30,7,Simbad,294.48917,38.331039,294.48917,38.33104,3247531, ,4953,2.495,0.07,16.759,3.2,9.58E-04,2655.521,0.699,DSEP,,1,Simbad,294.48917,38.33104
0.0036,285.379,38.487381,3323401,30.7,0.5,3.96,0.04,295.3,0.2,0.29,0.04,0.013,0.08,30,7,Simbad,285.379,38.487381,285.379,38.48738,3323401, ,4815,2.407,0.07,18.214,3.086,7.19E-04,3445.483,0.381,DSEP,,1,Simbad,285.379,38.48738
0.0036,285.99155,38.425571,3324929,47.8,0.62,4.87,0.04,301.79,0.25,0.27,0.03,-0.158,0.058,30,7,Simbad,285.99155,38.425571,285.99155,38.42557,3324929, ,4946,2.596,0.07,14.023,2.83,0.00144,1095.863,0.385,DSEP,,1,Simbad,285.99155,38.42557
0.0036,290.12643,38.412121,3337400,47.4,0.62,4.87,0.04,315.47,0.21,0.28,0.03,-0.024,0.047,30,7,Simbad,290.12643,38.412121,290.12643,38.41212,3337400, ,5038,2.599,0.07,14.732,3.139,0.00138,1425.001,0.493,DSEP,,1,Simbad,290.12643,38.41212
0.0072,290.16351,38.439178,3337536,111.1,1.37,10.21,0.05,77.79,0.03,0.14,0.02,0.242,0.043,530,15,Simbad,290.16351,38.439178,290.16351,38.43918,3337536, ,4820,2.959,-0.26,5.152,0.882,0.00908,1079.636,0.469,DSEP,,1,Simbad,290.16351,38.43918
0,290.6391,38.45536,3339203,39.4,0.57,4.47,0.04,303.36,0.25,0.29,0.04,-0.091,0.072,30,7,Simbad,290.6391,38.45536,290.6391,38.45536,3339203, ,5006,2.529,0.07,16.081,3.19,0.00108,3109.86,0.518,DSEP,,1,Simbad,290.6391,38.45536
0.0036,290.80508,38.466789,3339762,34.2,0.49,3.89,0.04,303,0.22,0.29,0.04,-0.071,0.076,31,7,Simbad,290.80508,38.466789,290.80508,38.46679,3339762, ,5007,2.454,0.07,17.987,3.358,8.13E-04,3068.599,0.524,DSEP,,1,Simbad,290.80508,38.46679
0.0036,290.86255,38.437359,3339951,31.3,0.51,4.04,0.04,305.82,0.21,0.24,0.03,0.076,0.075,30,7,Simbad,290.86255,38.437359,290.86255,38.43736,3339951, ,4902,2.457,0.21,18.026,3.391,8.15E-04,5269.904,0.526,DSEP,,1,Simbad,290.86255,38.43736
0,291.24103,38.44519,3341327,37.2,0.53,4.23,0.04,255.07,0.16,0.22,0.03,-0.304,0.071,40,10,Simbad,291.24103,38.44519,291.24103,38.44519,3341327, ,4662,2.493,0.21,14.314,2.327,0.00112,1123.896,0.5,DSEP,,1,Simbad,291.24103,38.44519
0,291.263,38.49057,3341413,76,0.85,6.39,0.04,255.92,0.38,0.25,0.03,-0.211,0.085,50,12,Simbad,291.263,38.49057,291.263,38.49057,3341413, ,5386,2.78,0.07,11.839,3.083,0.00262,4129.053,0.54,DSEP,,1,Simbad,291.263,38.49057
0.0036,291.57352,38.412079,3342658,36.4,0.53,4.19,0.03,249.11,0.14,0.29,0.03,-0.063,0.066,30,7,Simbad,291.57352,38.412079,291.57352,38.41208,3342658, ,4813,2.501,-0.18,13.257,2.031,0.00123,2546.304,0.554,DSEP,,1,Simbad,291.57352,38.41208
0,291.75266,38.46069,3343372,41.9,0.56,4.38,0.04,254.82,0.23,0.22,0.03,-0.079,0.087,30,7,Simbad,291.75266,38.46069,291.75266,38.46069,3343372, ,5013,2.534,0.07,15.985,3.187,0.0011,3444.052,0.56,DSEP,,1,Simbad,291.75266,38.46069
0.0036,291.8168,38.479729,3343630,87.8,1.04,7.99,0.04,73.04,0.06,0.12,0.02,0.11,0.139,250,18,Simbad,291.8168,38.479729,291.8168,38.47973,3343630, ,4696,2.857,0.24,7.816,1.604,0.00473,2027.251,0.56,DSEP,,1,Simbad,291.8168,38.47973
0.0036,292.23923,38.410069,3345441,34.5,0.53,4.22,0.04,301.85,0.22,0.32,0.04,-0.206,0.068,30,7,Simbad,292.23923,38.410069,292.23923,38.41007,3345441, ,4825,2.454,-0.34,13.251,1.823,0.0011,5108.8,0.581,DSEP,,1,Simbad,292.23923,38.41007
0.0036,292.45648,38.447311,3346284,32.1,0.52,4.1,0.04,294.5,0.22,0.3,0.04,0.037,0.086,30,7,Simbad,292.45648,38.447311,292.45648,38.44731,3346284, ,4996,2.446,0.07,18.168,3.363,7.90E-04,4734.716,0.59,DSEP,,1,Simbad,292.45648,38.44731
0.0072,292.57751,38.423618,3346725,136.5,1.62,11.44,0.05,79.07,0.05,0.14,0.02,0.282,0.055,460,17,Simbad,292.57751,38.423618,292.57751,38.42362,3346725, ,4927,3.057,-0.06,6.06,1.527,0.00966,1817.489,0.59,DSEP,,1,Simbad,292.57751,38.42362
0.0036,292.7648,38.485069,3347431,68.9,0.89,6.91,0.04,71.36,0.03,0.12,0.02,0.336,0.094,150,13,Simbad,292.7648,38.485069,292.7648,38.48507,3347431, ,5221,2.766,0.07,12.042,3.083,0.00249,2421.812,0.602,DSEP,,1,Simbad,292.7648,38.48507
0.0036,292.93225,38.469719,3348124,32.8,0.53,4.16,0.04,333.5,0.21,0.27,0.04,-0.043,0.064,30,7,Simbad,292.93225,38.469719,292.93225,38.46972,3348124, ,4996,2.446,0.07,18.168,3.363,7.90E-04,6342.721,0.611,DSEP,,1,Simbad,292.93225,38.46972
0.0072,292.93555,38.412682,3348134,32.2,0.52,4.13,0.04,323.04,0.18,0.32,0.04,-0.049,0.058,30,7,Simbad,292.93555,38.412682,292.93555,38.41268,3348134, ,4806,2.474,-0.2,13.657,2.024,0.00112,2126.943,0.611,DSEP,,1,Simbad,292.93555,38.41268
0.0036,294.57291,38.465649,3354827,207.6,2.83,16.01,0.09,88.01,0.23,0.16,0.02,0.209,0.137,250,35,Simbad,294.57291,38.465649,294.57291,38.46565,3354827, ,5172,3.241,0.14,5.409,1.858,0.0165,1887.461,0.685,DSEP,,1,Simbad,294.57291,38.46565
0.0036,294.61316,38.466129,3355015,25.8,0.43,3.39,0.03,292.24,0.13,0.23,0.03,-0.101,0.064,25,7,Simbad,294.61316,38.466129,294.61316,38.46613,3355015, ,4935,2.323,0.07,21.692,3.606,4.98E-04,3240.142,0.702,DSEP,,1,Simbad,294.61316,38.46613
0.0036,294.61758,38.448929,3355034,37,0.52,4.13,0.04,249.79,0.2,0.28,0.03,-0.118,0.093,30,7,Simbad,294.61758,38.448929,294.61758,38.44893,3355034, ,5019,2.499,0.07,16.994,3.322,9.53E-04,1950.525,0.691,DSEP,,1,Simbad,294.61758,38.44893
0.0072,285.57904,38.598492,3425476,39.8,0.56,4.43,0.04,271.13,0.13,0.2,0.03,0.04,0.05,30,7,Simbad,285.57904,38.598492,285.57904,38.59849,3425476, ,4893,2.501,0.07,16.274,3.063,0.001,2390.434,0.384,DSEP,,1,Simbad,285.57904,38.59849
0.0036,285.66214,38.590309,3425675,31.8,0.51,4.05,0.04,327.89,0.29,0.32,0.04,-0.309,0.093,30,7,Simbad,285.66214,38.590309,285.66214,38.59031,3425675, ,4785,2.41,-0.24,14.634,2.009,9.03E-04,1735.968,0.385,DSEP,,1,Simbad,285.66214,38.59031
0.0036,286.03131,38.551861,3426673,176.4,2.05,13.56,0.06,80.68,0.21,0.14,0.02,0.347,0.075,432,37,Simbad,286.03131,38.551861,286.03131,38.55186,3426673, ,4810,3.161,0.36,5.624,1.671,0.0132,1257.121,0.39,DSEP,,1,Simbad,286.03131,38.55186
0.0036,286.12344,38.584579,3426898,63.9,0.84,6.57,0.04,69.46,0.02,0.1,0.02,0.001,0.08,275,13,Simbad,286.12344,38.584579,286.12344,38.58458,3426898, ,4856,2.704,-0.38,7.673,1.087,0.00339,1286.718,0.392,DSEP,,1,Simbad,286.12344,38.58458
0.0036,286.50256,38.506519,3427908,136.9,1.71,11.58,0.07,79.25,0.04,0.14,0.02,0.234,0.048,230,14,Simbad,286.50256,38.506519,286.50256,38.50652,3427908, ,5260,3.072,-0.42,6.704,1.937,0.00905,3054.887,0.404,DSEP,,1,Simbad,286.50256,38.50652
0,286.74258,38.53476,3428530,193.6,2.32,15.18,0.06,86.2,0.1,0.16,0.02,0.397,0.075,700,28,Simbad,286.74258,38.53476,286.74258,38.53476,3428530, ,4782,3.198,0.32,5.1,1.496,0.0159,1052.501,0.395,DSEP,,1,Simbad,286.74258,38.53476
0.0036,286.76273,38.532661,3428577,137.3,1.73,12.04,0.06,80.67,0.19,0.14,0.02,0.278,0.131,280,33,Simbad,286.76273,38.532661,286.76273,38.53266,3428577, ,5182,3.064,-0.26,6.872,1.996,0.00866,2941.208,0.409,DSEP,,1,Simbad,286.76273,38.53266
0.0072,287.29065,38.502602,3430007,115.7,1.42,10.3,0.05,77.78,0.01,0.14,0.02,0.253,0.019,640,14,Simbad,287.29065,38.502602,287.29065,38.5026,3430007, ,5024,2.974,-0.36,6.487,1.447,0.00747,2776.56,0.422,DSEP,,1,Simbad,287.29065,38.5026
0,287.54324,38.57407,3430674,131.2,1.56,11.3,0.05,80.15,0.12,0.13,0.02,0.334,0.123,540,28,Simbad,287.54324,38.57407,287.54324,38.57407,3430674, ,4902,3.03,0.21,7.14,1.995,0.00772,2187.362,0.427,DSEP,,1,Simbad,287.54324,38.57407
0.0072,288.26297,38.583248,3432802,143.6,1.63,11.58,0.05,77.52,0.06,0.12,0.02,0.246,0.076,530,20,Simbad,288.26297,38.583248,288.26297,38.58325,3432802, ,4838,3.066,0.12,6.008,1.532,0.00995,989.469,0.417,DSEP,,1,Simbad,288.26297,38.58325
0.0072,289.58142,38.503868,3437031,62.6,0.73,5.56,0.04,285.47,0.34,0.28,0.03,-0.068,0.075,30,7,Simbad,289.58142,38.503868,289.58142,38.50387,3437031, ,4860,2.715,0.21,11.841,2.654,0.00225,1920.195,0.482,DSEP,,1,Simbad,289.58142,38.50387
0.0036,290.0235,38.576061,3438609,83.4,0.9,6.8,0.04,297.71,0.75,0.25,0.03,-0.224,0.106,90,22,Simbad,290.0235,38.576061,290.0235,38.57606,3438609, ,5059,2.823,0.07,10.438,2.644,0.00328,1535.956,0.49,DSEP,,1,Simbad,290.0235,38.57606
0.0072,290.22006,38.507858,3439353,84.7,0.99,7.62,0.04,69.15,0.04,0.12,0.02,0.206,0.115,360,16,Simbad,290.22006,38.507858,290.22006,38.50786,3439353, ,4805,2.838,-0.02,7.834,1.541,0.00452,1484.927,0.496,DSEP,,1,Simbad,290.22006,38.50786
0.0072,292.66635,38.542278,3448427,109.3,1.34,9.82,0.05,76.53,0.05,0.14,0.02,0.371,0.094,370,17,Simbad,292.66635,38.542278,292.66635,38.54228,3448427, ,5186,2.97,0.07,8.767,2.614,0.00546,3393.585,0.596,DSEP,,1,Simbad,292.66635,38.54228
0.0036,292.83157,38.510609,3449079,34.7,0.53,4.16,0.04,268.4,0.25,0.22,0.03,-0.03,0.098,37,9,Simbad,292.83157,38.510609,292.83157,38.51061,3449079, ,5016,2.468,0.07,17.681,3.347,8.53E-04,6892.937,0.605,DSEP,,1,Simbad,292.83157,38.51061
0.0036,292.86316,38.524349,3449224,28.2,0.45,3.61,0.03,320.66,0.25,0.23,0.03,-0.06,0.096,20,7,Simbad,292.86316,38.524349,292.86316,38.52435,3449224, ,4742,2.367,-0.2,15.444,2.025,7.74E-04,3921.614,0.606,DSEP,,1,Simbad,292.86316,38.52435
0.0036,293.86542,38.590389,3453419,45.6,0.59,4.63,0.04,320.66,0.32,0.23,0.03,-0.113,0.078,65,16,Simbad,293.86542,38.590389,293.86542,38.59039,3453419, ,4784,2.555,0.21,14.158,2.624,0.0013,1943.403,0.646,DSEP,,1,Simbad,293.86542,38.59039
0.0036,294.47601,38.567211,3455906,45.9,0.6,4.7,0.04,313.89,0.43,0.26,0.03,-0.239,0.103,50,12,Simbad,294.47601,38.567211,294.47601,38.56721,3455906, ,4776,2.565,0,12.506,2.094,0.00151,1494.904,0.649,DSEP,,1,Simbad,294.47601,38.56721
0.0072,294.55304,38.514858,3456216,54.9,0.66,5.11,0.04,328.94,0.67,0.22,0.03,-0.214,0.114,30,7,Simbad,294.55304,38.514858,294.55304,38.51486,3456216, ,5085,2.653,0.07,14.09,3.258,0.00164,1874.309,0.682,DSEP,,1,Simbad,294.55304,38.51486
0.0036,294.60437,38.503769,3456449,56.1,0.68,5.28,0.04,326.35,0.36,0.22,0.03,-0.296,0.062,30,7,Simbad,294.60437,38.503769,294.60437,38.50377,3456449, ,4915,2.669,0.07,12.49,2.653,0.00192,2451.784,0.698,DSEP,,1,Simbad,294.60437,38.50377
0.0036,294.63925,38.504089,3456587,89.9,1.13,8.47,0.05,73.64,0.03,0.15,0.02,0.121,0.062,340,14,Simbad,294.63925,38.504089,294.63925,38.50409,3456587, ,5142,2.868,-0.46,8.462,1.924,0.00447,3517.749,0.702,DSEP,,1,Simbad,294.63925,38.50409
0.0036,294.77502,38.545841,3457190,31.1,0.49,3.88,0.04,294.28,0.23,0.35,0.04,-0.08,0.087,28,7,Simbad,294.77502,38.545841,294.77502,38.54584,3457190, ,4911,2.419,-0.5,14.553,2.027,9.26E-04,1040.779,0.573,DSEP,,1,Simbad,294.77502,38.54584
0.0036,294.81943,38.528641,3457392,34.6,0.52,4.08,0.04,276.95,0.21,0.35,0.04,-0.07,0.075,55,13,Simbad,294.81943,38.528641,294.81943,38.52864,3457392, ,4759,2.437,-0.14,14.322,2.046,9.81E-04,2356.526,0.709,DSEP,,1,Simbad,294.81943,38.52864
0.0036,284.97705,38.618969,3525569,153.3,1.95,12.91,0.07,82.14,0.04,0.18,0.02,0.295,0.039,290,14,Simbad,284.97705,38.618969,284.97705,38.61897,3525569, ,5117,3.106,-0.4,5.642,1.482,0.0116,2458.053,0.372,DSEP,,1,Simbad,284.97705,38.61897
0.0036,285.5929,38.686569,3526995,34.6,0.52,4.16,0.04,248.84,0.13,0.22,0.03,0.011,0.065,30,7,Simbad,285.5929,38.686569,285.5929,38.68657,3526995, ,4764,2.452,0.07,16.506,2.817,8.82E-04,3598.473,0.383,DSEP,,1,Simbad,285.5929,38.68657
0.0036,285.66602,38.646561,3527156,32.3,0.51,4.07,0.04,298.42,0.14,0.32,0.04,0.038,0.057,30,7,Simbad,285.66602,38.646561,285.66602,38.64656,3527156, ,4900,2.439,-0.6,12.475,1.558,0.00113,2783.36,0.385,DSEP,,1,Simbad,285.66602,38.64656
0.0036,286.36279,38.613361,3528900,29.5,0.5,3.94,0.04,335.5,0.28,0.33,0.05,-0.289,0.089,10,7,Simbad,286.36279,38.613361,286.36279,38.61336,3528900, ,5138,2.383,-0.5,17.871,2.812,6.94E-04,6589.996,0.399,DSEP,,1,Simbad,286.36279,38.61336
0.0036,286.54929,38.635719,3529399,124.5,1.48,10.83,0.05,79.11,0.07,0.13,0.02,0.176,0.084,500,20,Simbad,286.54929,38.635719,286.54929,38.63572,3529399, ,4733,3.009,0.18,6.1,1.386,0.0086,1518.998,0.402,DSEP,,1,Simbad,286.54929,38.63572
0.0072,286.57175,38.673038,3529456,30.3,0.5,3.97,0.04,285.8,0.15,0.34,0.05,-0.178,0.063,30,7,Simbad,286.57175,38.673038,286.57175,38.67304,3529456, ,5061,2.41,-0.5,16.44,2.533,8.03E-04,4975.435,0.403,DSEP,,1,Simbad,286.57175,38.67304
0.0072,286.58221,38.643742,3529480,44.2,0.58,4.57,0.04,269.77,0.21,0.3,0.03,0.057,0.071,30,7,Simbad,286.58221,38.643742,286.58221,38.64374,3529480, ,4866,2.535,0.21,15.726,3.093,0.00112,951.658,0.383,DSEP,,1,Simbad,286.58221,38.64374
0.0036,286.63229,38.678249,3529597,50.1,0.62,4.89,0.04,238.07,0.2,0.2,0.03,-0.12,0.078,40,10,Simbad,286.63229,38.678249,286.63229,38.67825,3529597, ,4981,2.63,0.07,13.47,2.826,0.00163,2029.085,0.404,DSEP,,1,Simbad,286.63229,38.67825
0,286.92133,38.60186,3530333,134.2,1.56,11.08,0.05,77.23,0.04,0.14,0.02,0.207,0.048,420,16,Simbad,286.92133,38.60186,286.92133,38.60186,3530333, ,4939,3.045,0.08,6.748,1.842,0.00844,2127.135,0.412,DSEP,,1,Simbad,286.92133,38.60186
0.0036,287.32397,38.603661,3531436,176.6,2.2,13.7,0.07,79.45,0.05,0.16,0.02,0.319,0.049,360,16,Simbad,287.32397,38.603661,287.32397,38.60366,3531436, ,5033,3.165,-0.22,5.199,1.441,0.0144,1537.966,0.42,DSEP,,1,Simbad,287.32397,38.60366
0.0036,287.33707,38.640701,3531478,232.26,2.92,17.35,0.08,87.12,0.16,0.16,0.02,0.297,0.087,290,28,Simbad,287.33707,38.640701,287.33707,38.6407,3531478, ,4945,3.304,0,4.309,1.363,0.024,683.577,0.349,DSEP,,1,Simbad,287.33707,38.6407
0,287.56485,38.61134,3532085,104.7,1.26,9.53,0.04,76.92,0.03,0.14,0.02,0.164,0.059,400,14,Simbad,287.56485,38.61134,287.56485,38.61134,3532085, ,4709,2.933,0.04,5.746,1.032,0.00766,1211.87,0.419,DSEP,,1,Simbad,287.56485,38.61134
0.0036,287.81531,38.640709,3532734,145.2,1.67,11.83,0.05,75.84,0.04,0.14,0.02,0.315,0.048,550,17,Simbad,287.81531,38.640709,287.81531,38.64071,3532734, ,4888,3.082,-0.06,5.544,1.354,0.0112,794.533,0.38,DSEP,,1,Simbad,287.81531,38.64071
0.0036,289.91501,38.676281,3539261,27.3,0.49,3.86,0.04,254.69,0.11,0.24,0.03,-0.308,0.07,10,7,Simbad,289.91501,38.676281,289.91501,38.67628,3539261, ,4993,2.351,0.07,20.941,3.587,5.50E-04,4263.077,0.49,DSEP,,1,Simbad,289.91501,38.67628
0.0036,289.96317,38.697231,3539429,113.4,1.33,9.92,0.05,77.53,0.07,0.12,0.02,0.296,0.106,420,20,Simbad,289.96317,38.697231,289.96317,38.69723,3539429, ,4750,2.955,0.2,6.868,1.55,0.00674,1600.745,0.488,DSEP,,1,Simbad,289.96317,38.69723
0,290.40839,38.62439,3541061,38.5,0.56,4.44,0.04,325.12,0.15,0.33,0.04,-0.012,0.037,30,7,Simbad,290.40839,38.62439,290.40839,38.62439,3541061, ,4848,2.516,-0.24,12.948,2.008,0.0013,3605.847,0.507,DSEP,,1,Simbad,290.40839,38.62439
0.0072,290.65335,38.676262,3541897,45.3,0.58,4.55,0.04,258.11,0.3,0.29,0.03,-0.071,0.1,30,7,Simbad,290.65335,38.676262,290.65335,38.67626,3541897, ,4943,2.595,-0.36,11.683,1.963,0.00173,2621.672,0.514,DSEP,,1,Simbad,290.65335,38.67626
0.0036,291.29022,38.683411,3544121,28,0.46,3.69,0.04,320.43,0.45,0.34,0.04,-0.099,0.144,25,7,Simbad,291.29022,38.683411,291.29022,38.68341,3544121, ,5085,3.239,-0.18,4.941,1.543,0.018,1649.309,0.531,DSEP,,1,Simbad,291.29022,38.68341
0.0036,291.50592,38.670261,3544887,30.5,0.49,3.85,0.04,330.89,0.21,0.35,0.04,-0.083,0.065,45,11,Simbad,291.50592,38.670261,291.50592,38.67026,3544887, ,4807,2.407,-0.3,14.608,1.987,8.98E-04,3631.622,0.544,DSEP,,1,Simbad,291.50592,38.67026
0,291.80508,38.64798,3546046,178.9,2.07,14.04,0.06,82.59,0.12,0.13,0.02,0.288,0.105,360,25,Simbad,291.80508,38.64798,291.80508,38.64798,3546046, ,4845,3.182,0.16,5.143,1.465,0.0152,868.563,0.459,DSEP,,1,Simbad,291.80508,38.64798
0.0036,291.88419,38.626781,3546343,37.3,0.55,4.32,0.04,290.24,0.25,0.28,0.04,0.01,0.084,26,7,Simbad,291.88419,38.626781,291.88419,38.62678,3546343, ,5158,3.221,-0.1,5.599,1.901,0.0153,2101.623,0.56,DSEP,,1,Simbad,291.88419,38.62678
0,292.06485,38.67033,3547041,104.6,1.2,9.03,0.04,74.65,0.04,0.11,0.02,0.256,0.082,400,16,Simbad,292.06485,38.67033,292.06485,38.67033,3547041, ,4719,2.926,0.34,7.514,1.737,0.00577,1094.344,0.513,DSEP,,1,Simbad,292.06485,38.67033
0.0036,292.10577,38.645531,3547198,45,0.58,4.53,0.04,309.7,0.28,0.32,0.04,-0.123,0.069,32,8,Simbad,292.10577,38.645531,292.10577,38.64553,3547198, ,5037,2.59,0.07,14.889,3.145,0.00134,5036.995,0.569,DSEP,,1,Simbad,292.10577,38.64553
0,292.1181,38.68969,3547236,136.8,1.59,11.49,0.05,79.31,0.05,0.12,0.02,0.205,0.062,290,16,Simbad,292.1181,38.68969,292.1181,38.68969,3547236, ,4813,3.043,0.1,6.008,1.454,0.00945,1055.839,0.507,DSEP,,1,Simbad,292.1181,38.68969
0.0036,292.96353,38.652191,3550605,36.4,0.53,4.16,0.04,255.82,0.16,0.21,0.03,0.03,0.07,30,7,Simbad,292.96353,38.652191,292.96353,38.65219,3550605, ,4738,2.469,-0.04,13.916,2.082,0.00109,3663.796,0.606,DSEP,,1,Simbad,292.96353,38.65219
0,294.11081,38.69276,3555292,57.3,0.69,5.4,0.04,292.99,0.37,0.22,0.03,0.03,0.084,50,12,Simbad,294.11081,38.69276,294.11081,38.69276,3555292, ,4883,2.659,0.21,13.385,2.976,0.00175,3161.097,0.663,DSEP,,1,Simbad,294.11081,38.69276
0.0072,294.94962,38.663658,3558848,54.3,0.66,5.14,0.04,253.88,0.42,0.26,0.03,-0.069,0.132,30,7,Simbad,294.94962,38.663658,294.94962,38.66366,3558848, ,4837,2.644,0.07,12.382,2.46,0.00183,1106.011,0.593,DSEP,,1,Simbad,294.94962,38.66366
0.0036,295.21927,38.605389,3560093,83.1,0.93,7.1,0.04,291.66,0.96,0.22,0.02,0.072,0.14,80,20,Simbad,295.21927,38.605389,295.21927,38.60539,3560093, ,4967,2.837,-0.08,9.072,2.065,0.0039,1021.447,0.577,DSEP,,1,Simbad,295.21927,38.60539
0.0036,285.9725,38.720219,3628943,118,1.39,10.11,0.05,75.21,0.1,0.11,0.02,0.156,0.141,400,24,Simbad,285.9725,38.720219,285.9725,38.72022,3628943, ,4975,2.989,-0.12,6.907,1.695,0.00724,2661.371,0.39,DSEP,,1,Simbad,285.9725,38.72022
0.0072,286.13297,38.766842,3629335,29.2,0.52,4.14,0.04,310.9,0.2,0.36,0.04,0.07,0.074,30,7,Simbad,286.13297,38.766842,286.13297,38.76684,3629335, ,5088,2.396,-0.5,16.998,2.619,7.51E-04,5260.038,0.393,DSEP,,1,Simbad,286.13297,38.76684
0.0072,286.95685,38.791908,3631402,48.2,0.62,4.83,0.04,294.96,0.35,0.27,0.03,-0.085,0.089,30,7,Simbad,286.95685,38.791908,286.95685,38.79191,3631402, ,4886,2.566,0.21,15.671,3.295,0.00121,2308.949,0.41,DSEP,,1,Simbad,286.95685,38.79191
0.0036,287.03723,38.717999,3631621,37.3,0.54,4.28,0.04,312.01,0.19,0.22,0.03,-0.137,0.056,30,7,Simbad,287.03723,38.717999,287.03723,38.718,3631621, ,4895,2.486,-0.4,13.205,1.949,0.00119,3675.648,0.413,DSEP,,1,Simbad,287.03723,38.718
0.0036,287.11322,38.756519,3631821,59.4,0.71,5.52,0.04,315.62,0.18,0.34,0.03,-0.051,0.031,20,7,Simbad,287.11322,38.756519,287.11322,38.75652,3631821, ,5172,2.693,0.07,13.454,3.257,0.00188,1064.222,0.4,DSEP,,1,Simbad,287.11322,38.75652
0.0036,287.51151,38.721611,3632803,161.1,1.94,12.69,0.06,81.79,0.07,0.14,0.02,0.211,0.065,300,18,Simbad,287.51151,38.721611,287.51151,38.72161,3632803, ,5172,3.129,-0.12,6.46,2.048,0.0107,2061.519,0.424,DSEP,,1,Simbad,287.51151,38.72161
0,290.26309,38.75721,3641504,97.3,1.18,8.91,0.04,74.09,0.04,0.14,0.02,0.026,0.079,490,17,Simbad,290.26309,38.75721,290.26309,38.75721,3641504, ,5003,2.906,-0.36,7.141,1.497,0.00579,2025.832,0.499,DSEP,,1,Simbad,290.26309,38.75721
0,290.45203,38.71579,3642135,50.6,0.63,4.96,0.04,301.05,0.26,0.27,0.03,0.035,0.06,30,7,Simbad,290.45203,38.71579,290.45203,38.71579,3642135, ,4919,2.598,-0.3,11.715,1.985,0.00174,2207.725,0.506,DSEP,,1,Simbad,290.45203,38.71579
0.0036,290.6705,38.711681,3642837,88.4,1.06,8.06,0.04,73.41,0.04,0.12,0.02,0.299,0.102,710,21,Simbad,290.6705,38.711681,290.6705,38.71168,3642837, ,4774,2.848,0.18,8.541,1.874,0.00424,2419.98,0.513,DSEP,,1,Simbad,290.6705,38.71168
0.0072,291.29468,38.724838,3645006,32.9,0.51,4.06,0.04,313.89,0.34,0.22,0.03,-0.081,0.11,70,17,Simbad,291.29468,38.724838,291.29468,38.72484,3645006, ,4894,2.449,0.21,18.212,3.397,7.92E-04,6982.232,0.535,DSEP,,1,Simbad,291.29468,38.72484
0.0072,290.61432,38.848042,3744043,111.6,1.32,9.9,0.04,75.94,0.02,0.13,0.02,0.043,0.036,280,12,Simbad,290.61432,38.848042,290.61432,38.84804,3744043, ,4964,2.978,-0.32,5.835,1.181,0.00838,380.396,0.231,DSEP,,1,Simbad,290.61432,38.84804
0.0036,290.80981,38.882389,3744681,61.94,0.71,5.5,0.04,291.06,0.41,0.18,0.02,-0.001,0.088,110,22,Simbad,290.80981,38.882389,290.80981,38.88239,3744681, ,4959,2.715,0.07,11.829,2.647,0.00225,1037.312,0.471,DSEP,,1,Simbad,290.80981,38.88239
0.0036,292.09818,38.871841,3749487,69.98,0.84,6.55,0.04,68,0.02,0.12,0.02,-0.313,0.077,120,11,Simbad,292.09818,38.871841,292.09818,38.87184,3749487, ,4811,2.754,0.02,9.394,1.825,0.0031,909.611,0.472,DSEP,,1,Simbad,292.09818,38.87184
0.0036,290.68961,38.975971,3847667,32.4,0.51,4.02,0.04,311.1,0.23,0.35,0.04,0.012,0.077,35,8,Simbad,290.68961,38.975971,290.68961,38.97597,3847667, ,4782,2.433,0.07,17.304,2.958,8.04E-04,4708.328,0.508,DSEP,,1,Simbad,290.68961,38.97597
0.0036,291.67029,39.091881,3954857,36.29,0.53,4.17,0.04,259.24,0.12,0.28,0.03,0.028,0.05,30,7,Simbad,291.67029,39.091881,291.67029,39.09188,3954857, ,4767,2.561,-0.16,11.275,1.687,0.00166,1654.95,0.535,DSEP,,1,Simbad,291.67029,39.09188
0.0072,291.7113,39.050388,3955033,106.1,1.24,9.23,0.05,74.65,0.06,0.13,0.02,0.207,0.115,765,10,Simbad,291.7113,39.050388,291.7113,39.05039,3955033, ,4852,2.932,0.12,7.713,1.856,0.0057,2440.684,0.543,DSEP,,1,Simbad,291.7113,39.05039
0.0072,293.89307,39.118198,4066278,121.83,1.38,10.16,0.05,74.24,0.08,0.15,0.02,0.232,0.122,400,21,Simbad,293.89307,39.118198,293.89307,39.1182,4066278, ,4852,2.992,0.18,7.23,1.873,0.00698,1263.296,0.582,DSEP,,1,Simbad,293.89307,39.1182
0.0072,295.41803,39.172958,4072740,261.13,3.16,18.45,0.07,88.81,0.27,0.14,0.02,0.257,0.132,310,40,Simbad,295.41803,39.172958,295.41803,39.17296,4072740, ,4924,3.324,0.06,4.232,1.377,0.0256,270.146,0.159,DSEP,,1,Simbad,295.41803,39.17296
0.0036,288.97812,39.313061,4253026,36.72,0.54,4.29,0.04,248.66,0.15,0.29,0.03,0.066,0.069,60,14,Simbad,288.97812,39.313061,288.97812,39.31306,4253026, ,4970,2.483,-0.8,10.143,1.139,0.00154,1893.265,0.451,DSEP,,1,Simbad,288.97812,39.31306
0.0036,287.39862,39.497421,4351319,385.27,5.64,24.48,0.1,97.41,0.15,0.2,0.02,0.333,0.039,260,24,Simbad,287.39862,39.497421,287.39862,39.49742,4351319, ,4967,3.496,0.26,3.638,1.512,0.0442,275.565,0.159,DSEP,,1,Simbad,287.39862,39.49742
0.0036,286.46262,39.511459,4448777,216.49,2.77,17.01,0.08,89.46,0.08,0.17,0.02,0.24,0.047,400,19,Simbad,286.46262,39.511459,286.46262,39.51146,4448777, ,5024,3.258,0.1,5.156,1.756,0.018,780.31,0.353,DSEP,,1,Simbad,286.46262,39.51146
0,284.03543,39.87534,4726049,234.51,3.12,18.03,0.09,88.89,0.07,0.18,0.02,0.284,0.036,500,18,Simbad,284.03543,39.87534,284.03543,39.87534,4726049, ,4991,3.312,-0.1,4.186,1.313,0.0252,711.947,0.313,DSEP,,1,Simbad,284.03543,39.87534
0,297.5191,39.87265,4770846,55.77,0.7,5.46,0.04,308.3,0.54,0.15,0.02,-0.012,0.118,65,16,Simbad,297.5191,39.87265,297.5191,39.87265,4770846, ,4905,2.661,0.07,12.555,2.631,0.00187,722.901,0.462,DSEP,,1,Simbad,297.5191,39.87265
0.0036,298.65564,40.008301,4952717,202.33,2.48,15.58,0.07,86.78,0.09,0.16,0.02,0.353,0.058,330,20,Simbad,298.65564,40.008301,298.65564,40.0083,4952717, ,4798,3.127,0.12,5.246,1.343,0.0131,598.496,0.391,DSEP,,1,Simbad,298.65564,40.0083
0,295.32401,40.1544,5024476,68.66,0.75,5.73,0.04,299.6,1,0.27,0.03,-0.199,0.102,63,6,Simbad,295.32401,40.1544,295.32401,40.1544,5024476, ,4945,2.74,-0.26,9.61,1.849,0.00293,1991.491,0.664,DSEP,,1,Simbad,295.32401,40.1544
0.0036,297.13019,40.191719,5033245,425.32,17.47,26.82,0.36,111.68,0.18,0.18,0.03,0.426,0.034,200,25,Simbad,297.13019,40.191719,297.13019,40.19172,5033245, ,5125,3.535,0.12,3.54,1.567,0.0498,435.053,0.276,DSEP,,1,Simbad,297.13019,40.19172
0.0036,295.28577,40.224979,5112373,43.82,0.59,4.63,0.04,240.3,0.14,0.19,0.02,-0.246,0.058,37,3,Simbad,295.28577,40.224979,295.28577,40.22498,5112373, ,4733,2.556,-0.02,12.14,1.934,0.00152,2554.178,0.666,DSEP,,1,Simbad,295.28577,40.22498
0.0072,295.34943,40.362358,5200152,45.68,0.6,4.73,0.04,326.77,0.39,0.28,0.03,0.039,0.085,50,12,Simbad,295.34943,40.362358,295.34943,40.36236,5200152, ,4873,2.574,-0.3,11.595,1.836,0.00166,2503.34,0.664,DSEP,,1,Simbad,295.34943,40.36236
0,298.55176,40.39386,5215820,83.54,1,7.72,0.04,68.88,0.03,0.14,0.02,-0.009,0.078,220,13,Simbad,298.55176,40.39386,298.55176,40.39386,5215820, ,4759,2.837,0.04,7.689,1.483,0.00459,1176.342,0.681,DSEP,,1,Simbad,298.55176,40.39386
0.0072,299.5773,40.498508,5308777,85.79,1.02,7.78,0.04,70.34,0.02,0.12,0.02,0.24,0.063,460,14,Simbad,299.5773,40.498508,299.5773,40.49851,5308777, ,4877,2.839,0.14,9.214,2.138,0.00385,2321.567,0.949,DSEP,,1,Simbad,299.5773,40.49851
0.0036,296.55392,40.570671,5380775,65.03,0.76,5.96,0.04,78.37,0.03,0.12,0.02,0.057,0.085,480,15,Simbad,296.55392,40.570671,296.55392,40.57067,5380775, ,4751,2.722,0.28,10.628,2.173,0.00255,1465.836,0.669,DSEP,,1,Simbad,296.55392,40.57067
0.0072,297.60635,40.571442,5385518,56.66,0.68,5.31,0.04,79.9,0.03,0.12,0.02,0.197,0.105,380,14,Simbad,297.60635,40.571442,297.60635,40.57144,5385518, ,4770,2.668,0.16,11.231,2.145,0.00213,1241.611,0.666,DSEP,,1,Simbad,297.60635,40.57144
0.0036,299.1673,40.592621,5393453,128.05,1.45,10.57,0.05,76.2,0.06,0.12,0.02,0.149,0.081,510,20,Simbad,299.1673,40.592621,299.1673,40.59262,5393453, ,4873,3.028,0.18,6.936,1.873,0.0079,1178.828,0.696,DSEP,,1,Simbad,299.1673,40.59262
0,285.02097,40.64439,5429842,190.39,2.78,15.25,0.1,86.17,0.1,0.16,0.03,0.295,0.075,760,31,Simbad,285.02097,40.64439,285.02097,40.64439,5429842, ,5134,3.209,-0.22,5.303,1.661,0.0157,2460.239,0.353,DSEP,,1,Simbad,285.02097,40.64439
0.0036,285.14447,40.755341,5515314,136.8,1.5,10.84,0.05,79.12,0.1,0.13,0.02,0.24,0.117,860,36,Simbad,285.14447,40.755341,285.14447,40.75534,5515314, ,4787,3.018,0.44,7.294,2.022,0.00734,747.838,0.324,DSEP,,1,Simbad,285.14447,40.75534
0,282.8201,40.85392,5596656,275.01,4.49,20.85,0.13,95.76,0.12,0.2,0.03,0.252,0.051,300,22,Simbad,282.8201,40.85392,282.8201,40.85392,5596656, ,5040,3.361,-0.48,3.196,0.856,0.0369,208.924,0.112,DSEP,,1,Simbad,282.8201,40.85392
0.0036,296.49762,40.828651,5637392,82.75,1,7.72,0.04,70.6,0.03,0.12,0.02,0.202,0.072,360,15,Simbad,296.49762,40.828651,296.49762,40.82865,5637392, ,4839,2.843,-0.06,7.888,1.582,0.00454,1543.841,0.668,DSEP,,1,Simbad,296.49762,40.82865
0.0072,299.86703,40.805828,5653970,112.48,1.28,9.5,0.04,73.28,0.06,0.12,0.02,0.153,0.11,540,21,Simbad,299.86703,40.805828,299.86703,40.80583,5653970, ,4910,2.968,0,7.146,1.731,0.00668,960.049,0.61,DSEP,,1,Simbad,299.86703,40.80583
0.0072,288.00009,40.935398,5694017,183.51,2.16,14.35,0.06,83.52,0.1,0.13,0.02,0.205,0.083,500,23,Simbad,288.00009,40.935398,288.00009,40.9354,5694017, ,4843,3.183,0.26,5.372,1.604,0.0146,1255.484,0.4,DSEP,,1,Simbad,288.00009,40.9354
0.0036,292.15274,40.941071,5706531,72.39,0.91,7.01,0.04,67.66,0.03,0.12,0.02,0.208,0.088,120,13,Simbad,292.15274,40.941071,292.15274,40.94107,5706531, ,4847,2.776,-0.18,8.297,1.5,0.0037,2905.95,0.513,DSEP,,1,Simbad,292.15274,40.94107
0.0072,285.30817,41.151718,5858947,169.36,2.1,14.55,0.06,83.98,0.04,0.2,0.02,0.284,0.031,515,15,Simbad,285.30817,41.151718,285.30817,41.15172,5858947, ,5258,3.146,-1.04,4.163,0.884,0.0173,742.436,0.323,DSEP,,1,Simbad,285.30817,41.15172
0.0072,288.6958,41.194778,5866737,66.49,0.84,6.54,0.04,66.23,0.03,0.12,0.02,-0.061,0.12,100,13,Simbad,288.6958,41.194778,288.6958,41.19478,5866737, ,4845,2.744,-0.24,8.339,1.408,0.00342,825.052,0.375,DSEP,,1,Simbad,288.6958,41.19478
0.0036,293.38507,41.192261,5881316,74.86,0.94,7.28,0.04,71.94,0.03,0.12,0.02,-0.079,0.09,200,13,Simbad,293.38507,41.192261,293.38507,41.19226,5881316, ,4880,2.772,-0.08,9.41,1.912,0.00323,3605.48,0.55,DSEP,,1,Simbad,293.38507,41.19226
0.0036,289.89417,41.480801,6117517,118.29,1.36,10.16,0.04,76.71,0.04,0.12,0.02,0.291,0.065,420,16,Simbad,289.89417,41.480801,289.89417,41.4808,6117517, ,4726,2.986,0.26,6.563,1.52,0.00757,567.639,0.317,DSEP,,1,Simbad,289.89417,41.4808
0,297.40216,41.40398,6144777,128.23,1.5,11.03,0.05,79.05,0.04,0.13,0.02,0.21,0.055,244,5,Simbad,297.40216,41.40398,297.40216,41.40398,6144777, ,4795,3.011,0.16,6.418,1.542,0.00821,578.082,0.367,DSEP,,1,Simbad,297.40216,41.40398
0,290.26633,41.51572,6200178,78.07,0.91,6.99,0.04,76.14,0.03,0.12,0.02,0.036,0.074,360,14,Simbad,290.26633,41.51572,290.26633,41.51572,6200178, ,4906,2.822,-0.16,8.339,1.684,0.00409,845.592,0.398,DSEP,,1,Simbad,290.26633,41.51572
0,287.60452,41.61367,6273090,224.68,2.74,16.08,0.07,73.54,0.15,0.13,0.02,0.255,0.131,380,31,Simbad,287.60452,41.61367,287.60452,41.61367,6273090, ,5010,3.298,0.2,4.96,1.781,0.0206,862.485,0.362,DSEP,,1,Simbad,287.60452,41.61367
0,291.58408,41.7733,6363338,39.5,0.56,4.44,0.04,281.63,0.13,0.26,0.03,0.076,0.042,22,7,Simbad,291.58408,41.7733,291.58408,41.7733,6363338, ,4903,2.522,-0.48,11.723,1.669,0.00146,2248.066,0.478,DSEP,,1,Simbad,291.58408,41.7733
0.0072,281.49725,42.047668,6579495,85.83,1.06,8.19,0.04,73.54,0.05,0.15,0.02,0.099,0.124,350,17,Simbad,281.49725,42.047668,281.49725,42.04767,6579495, ,4745,2.846,0,6.904,1.218,0.00521,1067.824,0.293,DSEP,,1,Simbad,281.49725,42.04767
0.0072,291.35065,42.009392,6604616,30.4,0.49,3.88,0.04,283.81,0.18,0.35,0.04,-0.068,0.077,34,8,Simbad,291.35065,42.009392,291.35065,42.00939,6604616, ,4815,2.38,-0.46,13.844,1.677,8.90E-04,2495.71,0.468,DSEP,,1,Simbad,291.35065,42.00939
0.0036,295.7554,42.091839,6620586,165.2,1.97,12.47,0.07,67.63,0.04,0.11,0.02,0.255,0.057,150,15,Simbad,295.7554,42.091839,295.7554,42.09184,6620586, ,5284,3.147,-0.34,6.192,1.966,0.0117,1956.938,0.615,DSEP,,1,Simbad,295.7554,42.09184
0.0036,286.47751,42.259689,6762022,40.25,0.56,4.41,0.04,259.19,0.09,0.25,0.03,-0.229,0.034,30,7,Simbad,286.47751,42.259689,286.47751,42.25969,6762022, ,4964,2.503,0.07,16.606,3.198,9.84E-04,2344.175,0.361,DSEP,,1,Simbad,286.47751,42.25969
0.0072,284.49438,42.458778,6928997,120.67,1.36,10.04,0.05,77.04,0.05,0.12,0.02,0.225,0.066,420,17,Simbad,284.49438,42.458778,284.49438,42.45878,6928997, ,4986,2.982,0.21,8.244,2.376,0.00597,1201.63,0.328,DSEP,,1,Simbad,284.49438,42.45878
0,289.2637,42.50029,7025568,56.26,0.7,5.45,0.04,286.87,0.24,0.28,0.03,0.044,0.055,60,15,Simbad,289.2637,42.50029,289.2637,42.50029,7025568, ,5121,2.672,-0.96,8.026,1.103,0.00301,2063.195,0.41,DSEP,,1,Simbad,289.2637,42.50029
0.0036,281.95566,42.807091,7257175,80.4,1.06,8.13,0.04,72.85,0.05,0.14,0.02,0.343,0.123,370,17,Simbad,281.95566,42.807091,281.95566,42.80709,7257175, ,5226,2.831,-0.5,9.658,2.306,0.0036,3588.292,0.295,DSEP,,1,Simbad,281.95566,42.80709
0,286.61142,42.80275,7267119,85.1,1.08,8.29,0.04,74.24,0.03,0.13,0.02,0.349,0.06,500,15,Simbad,286.61142,42.80275,286.61142,42.80275,7267119, ,4696,2.852,-0.08,5.942,0.915,0.00614,1304.067,0.357,DSEP,,1,Simbad,286.61142,42.80275
0.0072,290.29251,43.058128,7439931,240.14,3.17,17.32,0.09,85.21,0.16,0.16,0.02,0.263,0.098,168,27,Simbad,290.29251,43.058128,290.29251,43.05813,7439931, ,4976,3.308,-0.06,4.262,1.347,0.0245,686.96,0.35,DSEP,,1,Simbad,290.29251,43.05813
0.0072,282.38931,43.281792,7584900,322.61,5.18,22.15,0.12,96.41,0.25,0.19,0.02,0.318,0.087,280,35,Simbad,282.38931,43.281792,282.38931,43.28179,7584900, ,4866,3.417,0.18,3.669,1.283,0.0366,473.906,0.237,DSEP,,1,Simbad,282.38931,43.28179
0.0036,295.3269,43.235359,7619745,169.35,1.91,13.13,0.05,78.82,0.07,0.13,0.02,0.288,0.07,370,19,Simbad,295.3269,43.235359,295.3269,43.23536,7619745, ,4930,3.141,-0.08,5.22,1.375,0.0136,808.866,0.442,DSEP,,1,Simbad,295.3269,43.23536
0.0072,281.83783,44.575378,8475025,111.84,1.29,9.66,0.04,74.38,0.03,0.13,0.02,0.149,0.062,330,14,Simbad,281.83783,44.575378,281.83783,44.57538,8475025, ,5045,2.96,-0.74,4.947,0.814,0.00946,792.006,0.276,DSEP,,1,Simbad,281.83783,44.57538
0.0036,300.00729,44.579929,8522050,76.23,0.88,6.73,0.04,187.86,0.13,0.28,0.03,-0.033,0.046,75,15,Simbad,300.00729,44.579929,300.00729,44.57993,8522050, ,5030,2.794,-0.54,7.999,1.451,0.00399,1305.362,0.645,DSEP,,1,Simbad,300.00729,44.57993
0,291.34393,44.74614,8623565,95.61,1.11,8.47,0.04,71.92,0.05,0.1,0.02,0.162,0.104,560,20,Simbad,291.34393,44.74614,291.34393,44.74614,8623565, ,4852,2.896,0.04,7.797,1.742,0.00518,1926.731,0.422,DSEP,,1,Simbad,291.34393,44.74614
0,300.91455,44.81794,8718745,128.4,1.56,11.41,0.05,80.03,0.05,0.15,0.02,0.28,0.072,430,17,Simbad,300.91455,44.81794,300.91455,44.81794,8718745, ,4822,3.02,-0.22,4.825,0.889,0.0111,468.198,0.296,DSEP,,1,Simbad,300.91455,44.81794
0.0108,291.01407,44.933537,8751420,566.39,19.39,34.6,0.28,132.79,0.51,0.25,0.03,0.277,0.052,600,57,Simbad,291.01407,44.933537,291.01407,44.93354,8751420, ,5297,3.697,-0.22,2.568,1.197,0.0995,54.517,0.003,DSEP,,1,Simbad,291.01407,44.93354
0.0072,295.02359,45.071732,8827367,234.45,2.89,17.1,0.07,88.65,0.2,0.16,0.02,0.316,0.109,240,32,Simbad,295.02359,45.071732,295.02359,45.07173,8827367, ,4876,3.307,0.38,4.753,1.67,0.0219,797.374,0.415,DSEP,,1,Simbad,295.02359,45.07173
0,287.88556,45.52293,9145955,130.95,1.5,11.03,0.05,76.81,0.02,0.12,0.02,0.264,0.026,330,13,Simbad,287.88556,45.52293,287.88556,45.52293,9145955, ,5182,3.029,-0.42,6.769,1.789,0.00812,498.454,0.264,DSEP,,1,Simbad,287.88556,45.52293
0.0036,285.0311,45.759029,9267654,118.2,1.39,10.36,0.05,77.94,0.07,0.13,0.02,0.216,0.103,460,20,Simbad,285.0311,45.759029,285.0311,45.75903,9267654, ,5021,2.967,-0.14,7.475,1.89,0.00637,1382.258,0.312,DSEP,,1,Simbad,285.0311,45.75903
0.0072,295.87292,46.014462,9475697,114.82,1.33,9.88,0.04,75.56,0.05,0.11,0.02,0.231,0.078,605,21,Simbad,295.87292,46.014462,295.87292,46.01446,9475697, ,4847,2.953,0.12,7.34,1.765,0.00629,844.238,0.429,DSEP,,1,Simbad,295.87292,46.01446
0,284.79102,46.28495,9574283,448.52,9.72,29.8,0.18,114.26,0.16,0.3,0.03,0.409,0.029,700,30,Simbad,284.79102,46.28495,284.79102,46.28495,9574283, ,5188,3.596,-0.44,2.638,1.002,0.0769,314.598,0.174,DSEP,,1,Simbad,284.79102,46.28495
0,284.99429,46.24173,9574650,106.42,1.28,9.64,0.04,75.92,0.03,0.14,0.02,0.168,0.052,350,14,Simbad,284.99429,46.24173,284.99429,46.24173,9574650, ,5052,2.93,-0.36,7.219,1.619,0.00606,1240.91,0.308,DSEP,,1,Simbad,284.99429,46.24173
0.0036,287.74432,46.781609,9882316,180.4,2.09,13.68,0.06,80.3,0.23,0.15,0.02,0.226,0.146,900,65,Simbad,287.74432,46.781609,287.74432,46.78161,9882316, ,5422,3.182,-0.48,5.881,1.914,0.0133,1278.05,0.338,DSEP,,1,Simbad,287.74432,46.78161
0.0036,283.70273,47.137859,10123207,160.29,1.94,13.67,0.06,83.57,0.05,0.15,0.02,0.284,0.045,300,15,Simbad,283.70273,47.137859,283.70273,47.13786,10123207, ,4886,3.108,-0.3,4.32,0.873,0.0153,707.675,0.274,DSEP,,1,Simbad,283.70273,47.13786
0,288.67978,47.28252,10200377,143.1,1.77,12.54,0.06,81.33,0.07,0.14,0.02,0.302,0.07,320,18,Simbad,288.67978,47.28252,288.67978,47.28252,10200377, ,5080,3.049,-0.74,4.507,0.829,0.0128,831.823,0.328,DSEP,,1,Simbad,288.67978,47.28252
0.0036,283.73288,47.357521,10257278,148.95,1.72,12.2,0.05,79.52,0.04,0.13,0.02,0.275,0.039,495,16,Simbad,283.73288,47.357521,283.73288,47.35752,10257278, ,4891,3.099,0.04,5.745,1.513,0.0112,1035.147,0.287,DSEP,,1,Simbad,283.73288,47.35752
0.0036,291.36295,47.328709,10272858,341.45,6.16,22.71,0.14,96.9,0.3,0.19,0.02,0.338,0.098,660,20,Simbad,291.36295,47.328709,291.36295,47.32871,10272858, ,5036,3.458,-0.12,3.402,1.212,0.0433,497.016,0.274,DSEP,,1,Simbad,291.36295,47.32871
0,283.20502,47.57745,10387370,68.56,0.91,7.09,0.04,70.45,0.02,0.12,0.02,-0.418,0.077,360,13,Simbad,283.20502,47.57745,283.20502,47.57745,10387370, ,4830,2.763,-0.44,6.344,0.85,0.00469,1852.593,0.282,DSEP,,1,Simbad,283.20502,47.57745
0.0036,282.37518,48.146061,10777816,189.62,2.31,15.87,0.06,86.03,0.04,0.15,0.02,0.343,0.03,620,17,Simbad,282.37518,48.146061,282.37518,48.14606,10777816, ,5017,3.241,-0.1,4.811,1.473,0.0186,734.856,0.262,DSEP,,1,Simbad,282.37518,48.14606
0.0072,292.79977,48.189678,10799530,37,0.54,4.24,0.04,292.82,0.12,0.28,0.03,-0.005,0.042,30,7,Simbad,292.79977,48.189678,292.79977,48.18968,10799530, ,4904,2.46,0.21,17.945,3.389,8.26E-04,2545.935,0.402,DSEP,,1,Simbad,292.79977,48.18968
0.0036,293.99841,48.291779,10866415,94.5,1.14,8.75,0.04,75.26,0.03,0.12,0.02,-0.046,0.066,355,14,Simbad,293.99841,48.291779,293.99841,48.29178,10866415, ,4953,2.871,0,8.784,2.092,0.00435,984.618,0.399,DSEP,,1,Simbad,293.99841,48.29178
0.0036,296.29974,48.845371,11200291,34.3,0.52,4.14,0.04,329.43,0.18,0.34,0.04,-0.291,0.049,30,7,Simbad,296.29974,48.845371,296.29974,48.84537,11200291, ,4919,2.459,-0.72,10.395,1.133,0.00142,2030.71,0.463,DSEP,,1,Simbad,296.29974,48.84537
0,293.33865,49.13422,11353313,127.29,1.46,10.75,0.05,76.95,0.06,0.14,0.02,0.29,0.088,465,7,Simbad,293.33865,49.13422,293.33865,49.13422,11353313, ,5242,3.008,-0.48,7.184,1.916,0.00728,1371.866,0.397,DSEP,,1,Simbad,293.33865,49.13422
0.0036,286.74957,49.540089,11550492,93.64,1.14,8.7,0.04,74.86,0.05,0.13,0.02,0.027,0.104,390,17,Simbad,286.74957,49.540089,286.74957,49.54009,11550492, ,4803,2.865,-0.06,7.204,1.387,0.00522,361.525,0.197,DSEP,,1,Simbad,286.74957,49.54009
0.0036,291.31186,50.211231,11913545,116.75,1.38,10.18,0.05,77.68,0.02,0.14,0.02,0.204,0.033,270,12,Simbad,291.31186,50.211231,291.31186,50.21123,11913545, ,4937,2.982,-0.08,6.832,1.634,0.00722,1030.194,0.348,DSEP,,1,Simbad,291.31186,50.21123
0,294.28757,50.36153,11968334,140.68,1.59,11.41,0.05,77.91,0.04,0.13,0.02,0.239,0.044,370,15,Simbad,294.28757,50.36153,294.28757,50.36153,11968334, ,4902,3.042,0.2,7.056,1.996,0.008,1312.46,0.396,DSEP,,1,Simbad,294.28757,50.36153
0.0036,289.09659,50.427181,12008916,160.78,1.87,12.9,0.06,79.45,0.1,0.15,0.02,0.017,0.109,440,23,Simbad,289.09659,50.427181,289.09659,50.42718,12008916, ,5166,3.12,0.07,6.891,2.282,0.00982,1180.07,0.324,DSEP,,1,Simbad,289.09659,50.42718
0.0036,289.74432,51.482319,12507577,82.15,0.98,7.52,0.04,70.02,0.05,0.13,0.02,0.176,0.133,440,18,Simbad,289.74432,51.482319,289.74432,51.48232,12507577, ,4786,2.82,0.18,9.1,1.993,0.00372,1112.635,0.322,DSEP,,1,Simbad,289.74432,51.48232
